convention,known_risk,linear,boosted
Probability clip 0.0001,0.5762189877443306,0.34892893563493155,0.5825411702852746
Probability clip 1e-05,0.5260386722249478,0.34892893563493155,0.5825411702852746
Probability clip 1e-06,0.4753539815324707,0.34892893563493155,0.5825411702852746
Probability clip 1e-08,0.416708380367263,0.34892893563493155,0.5825411702852746
Probability clip 1e-10,0.393671161383391,0.34892893563493155,0.5825411702852746
Probability clip 1e-12,0.3676758642380136,0.34892893563493155,0.5825411702852746
"Exact logit, no probability clipping",0.3533357054003232,0.34892893563493155,0.5825411702852746
Logit winsorized at own 0.5/99.5 percentiles,0.6345974170975344,0.34814544292443833,0.5755026166091257
Untransformed probability,0.6169246145134549,0.3749557327101289,0.5525480621919743
"Cloglog, probability clip 1e-6",0.6617117637520722,0.3404275061243078,0.5650720490806755
