subject_id,score,deviation,time_earlier,time_later
1,-0.39496352977016624,1,3.194038997879319,2.283820352248662
2,-0.8704762306213993,1,3.7575822947399247,1.5452664760757198
3,-0.0709405048572203,0,5.0,5.0
4,-0.593897222035972,1,3.427955301198693,1.9926711645266129
5,-2.8724025542842764,1,3.8782950590529137,1.4004010743990667
6,-1.0992769927904862,1,4.576719079627424,0.49440679522033026
7,-0.9853573631943505,1,3.20014075538125,2.2788551649144195
8,-0.01893743733134066,0,5.0,5.0
9,-0.5828353097398591,1,2.5293614557478783,2.933591305065463
10,-0.23241441783889227,0,5.0,5.0
11,1.3749475580381134,0,5.0,5.0
12,0.3712228057273397,1,2.4603503391880106,3.0071415885959962
13,-0.9855095575313385,1,4.018136490530971,1.2468580526852289
14,0.3625601932016995,0,5.0,5.0
15,-0.5994117790356415,1,3.184765552041066,2.2924373058072804
16,-0.9885347252870851,1,4.026324479028255,1.2236832940957387
17,-0.531849527630777,0,5.0,5.0
18,-0.772140661099934,1,2.9294499660257314,2.5369754644971847
19,-0.7691719810392738,0,5.0,5.0
20,-0.612775178354883,1,4.021327576508348,1.2300322158388894
21,0.23790102706164024,1,2.5782850171564573,2.900921318353386
22,0.08624814759543832,0,5.0,5.0
23,1.6711773386604794,1,0.6623716821337784,4.453375690499165
24,-2.729618913408576,1,4.704216802126197,0.32681455775619794
25,1.9494077820868172,0,5.0,5.0
26,-1.3086435825069638,0,5.0,5.0
27,-2.2826230278866486,0,5.0,5.0
28,-0.8696264864505405,1,3.8873449059652305,1.3663483304097541
29,-0.8808265879381327,0,5.0,5.0
30,0.974837580839469,1,0.18687428497759592,4.836899123735754
31,-0.8606886825713104,1,3.5870159182320465,1.7003342889870356
32,-2.054261899305795,1,4.545474796734422,0.5232923162861263
33,0.17306963945444345,1,2.1871763785988865,3.2493110978448514
34,-0.043222643059439105,1,2.2534258289678646,3.221112022318012
35,-0.6989037610540031,0,5.0,5.0
36,0.26406200637318855,0,5.0,5.0
37,-1.4545537314360186,1,4.415781095334681,0.7144666303281659
38,0.021036281194443538,1,4.630085780068429,0.4196740677004306
39,0.21821826400481012,0,5.0,5.0
40,-0.06116908950720631,1,2.7027429106535434,2.774687908115195
41,-0.8368866448327636,0,5.0,5.0
42,0.11535536256148025,0,5.0,5.0
43,0.3814733609190363,1,2.12561673707248,3.2889859851331718
44,0.7587025125829541,0,5.0,5.0
45,-1.1977494847557175,1,4.345573403823994,0.7790455171262598
46,-0.4684033100374108,1,2.966264214781573,2.486304742868446
47,0.7612845655216424,0,5.0,5.0
48,0.5114730416445892,0,5.0,5.0
49,1.0131545924077898,0,5.0,5.0
50,-0.9887990012898994,0,5.0,5.0
51,1.6515996413655676,0,5.0,5.0
52,1.0417346816196416,0,5.0,5.0
53,0.34994574196241285,0,5.0,5.0
54,-1.6031396309122674,1,4.454057185801635,0.6554044421415111
55,-0.13215979050005464,1,2.5947795629161887,2.8814302119786914
56,-1.1285032851890666,0,5.0,5.0
57,0.29023695580229264,0,5.0,5.0
58,0.21992335181106262,1,3.6787267534939088,1.639730607970946
59,1.0110402477312725,1,1.3663483304097541,3.8873449059652305
60,-1.2936378620088107,0,5.0,5.0
61,0.7068298593869098,1,2.449149367824858,3.0281107246581467
62,0.36600497991412667,0,5.0,5.0
63,-0.11678576668861293,0,5.0,5.0
64,1.2335834270895008,1,1.1464069230019767,4.0756867818652465
65,1.3016280131594256,1,0.4715215470594274,4.608768344477675
66,0.1495380501711029,0,5.0,5.0
67,-0.13313767883050528,1,2.6638832513281208,2.790638881517114
68,0.1871805041497373,0,5.0,5.0
69,1.6339238749161162,1,0.13540668265714936,4.88127669845563
70,1.1149425800084192,0,5.0,5.0
71,0.6614993168700972,0,5.0,5.0
72,0.8109451524676013,0,5.0,5.0
73,-0.5039149251985536,1,4.040895147454328,1.220135324456066
74,-0.7399227043927328,1,2.4831836383957757,2.9718085134098198
75,2.1102533115907605,1,0.2660205386455234,4.7702580362962905
76,-0.5023949624581758,1,4.426425011921752,0.7004978371237877
77,-0.5365258509286632,0,5.0,5.0
78,0.12825001783180284,0,5.0,5.0
79,-1.7686927364594285,1,4.312113368507558,0.8127260069321538
80,0.4068957328820795,1,0.9811920877149649,4.193973614787028
81,0.4564564177230924,1,0.7431776100057766,4.403828261696206
82,-0.679905722855971,0,5.0,5.0
83,1.1773902182669098,0,5.0,5.0
84,0.3686678687013006,1,0.6885486328692138,4.434036132792014
85,-0.4927171789346504,1,2.223492886410322,3.229222432446617
86,0.28111234781575517,0,5.0,5.0
87,0.2014793102726122,0,5.0,5.0
88,-0.4055888125938821,0,5.0,5.0
89,2.255563956891769,1,0.22931693381226578,4.798689803358582
90,-0.3785448639836672,0,5.0,5.0
91,-0.6078376260971995,0,5.0,5.0
92,1.0655249445965722,0,5.0,5.0
93,-0.596720277540282,0,5.0,5.0
94,1.2398043117969673,0,5.0,5.0
95,0.4168264859460673,0,5.0,5.0
96,0.9116437685890274,0,5.0,5.0
97,-1.0321312791229538,0,5.0,5.0
98,-1.0925397741728127,1,4.1315012845676,1.0918319644580132
99,1.0819105501110915,0,5.0,5.0
100,-2.4941079187937585,1,4.835534316608468,0.18799979554409224
101,2.027546751240189,1,0.2124250821535258,4.819836446276126
102,-0.049173106113684285,1,2.742006556061079,2.7213694777982753
103,-0.7575836978042669,1,4.219439732294049,0.9484179176254744
104,-0.3325460977024707,1,4.41503934275028,0.720109387823476
105,0.9430761167645465,1,0.17143327241101344,4.856756512644145
106,1.7455507367377585,1,0.17322468855884152,4.851163734675107
107,0.25973829622578437,0,5.0,5.0
108,-1.2115880777622223,1,3.8899256268983646,1.3619733814585766
109,0.3330483192978832,1,4.674456207465227,0.3649946685590403
110,2.9634406000100997,1,0.3019450714576909,4.7603529351479725
111,0.8291154336563545,0,5.0,5.0
112,0.09041663362048757,1,2.959457338671722,2.499198550137962
113,-1.0063214765543875,0,5.0,5.0
114,-1.0022430655275534,0,5.0,5.0
115,2.4623477363139115,1,0.1620185379687314,4.864419526418506
116,-0.5601007970825932,0,5.0,5.0
117,-0.43363368736866076,0,5.0,5.0
118,0.35265461427927824,0,5.0,5.0
119,0.7698118044670605,1,1.6313193175065615,3.69375336288637
120,1.0292346772134835,0,5.0,5.0
121,-0.4467798318085331,1,2.6836420737238496,2.776197303856724
122,1.195734386502487,0,5.0,5.0
123,-0.6529801776640075,0,5.0,5.0
124,-0.17990120841554658,1,3.732381811052239,1.573102878118423
125,-0.32235126987542595,0,5.0,5.0
126,-2.0156971085637307,1,4.720292463047431,0.31228805954365946
127,0.5181222963632465,0,5.0,5.0
128,1.0900449275043869,1,2.567112753031981,2.915565097113126
129,0.6345421615888007,0,5.0,5.0
130,2.904482060822714,1,0.17216951575407435,4.853201073827642
131,-1.9961137848906476,1,4.6591269269786,0.38890998650973685
132,-1.0185042503639985,0,5.0,5.0
133,-0.006482476311948691,1,3.570892918510514,1.737133726349827
134,0.5263025720860831,1,2.0642296575332586,3.3757850148838644
135,-0.4229391226530021,1,3.205119781865603,2.269292921713621
136,1.1149952881829366,1,1.1178504384266346,4.111485813804205
137,0.16878724901028536,0,5.0,5.0
138,-1.2305966553279744,0,5.0,5.0
139,0.6757434072159206,0,5.0,5.0
140,-0.5402993650749474,0,5.0,5.0
141,-0.7126172958610499,1,4.851163734675107,0.17322468855884152
142,-0.3641993100347018,1,3.7503107714418236,1.5533947381876694
143,-1.0151872996149325,1,4.122580494696836,1.0946313378742483
144,0.9902879947631053,1,0.7556293268987125,4.3932396936188916
145,1.382667380900541,1,2.3986676088717562,3.0766157212706395
146,-1.2256207791739204,1,4.856756512644145,0.17143327241101344
147,0.19863234817174116,0,5.0,5.0
148,1.369223404084521,1,0.35820737756336674,4.6847071887357306
149,0.7449898584916557,1,0.28934313521339217,4.765632020413734
150,0.9001288575117409,0,5.0,5.0
151,-2.4141397385821524,1,4.8269074415010875,0.19072368320371552
152,0.3608099381060968,1,2.740530501763575,2.7238608711222976
153,-0.7253774918564213,1,4.629160929176317,0.42250193761879806
154,-1.0794795737392713,0,5.0,5.0
155,-0.5554528802087163,1,3.8844019070113327,1.3730663477691454
156,-0.49997968216585176,0,5.0,5.0
157,-0.7452725492495546,1,4.325422171973385,0.7908211514317471
158,-0.4083048114079336,0,5.0,5.0
159,0.10686270896473393,0,5.0,5.0
160,1.004686917659629,0,5.0,5.0
161,1.03987647112752,0,5.0,5.0
162,0.9782535861182525,0,5.0,5.0
163,0.09603452662759093,0,5.0,5.0
164,-1.8351368319117614,0,5.0,5.0
165,0.7705193980174425,1,1.3619733814585766,3.8899256268983646
166,-0.18066325523883778,1,0.5635527777238046,4.532258329715421
167,-0.4901747459921905,1,3.168901408379714,2.3486043329303707
168,-1.2208949748300468,0,5.0,5.0
169,-0.22048004512520167,1,1.1789211019878354,4.052028211800078
170,-0.5601931752848498,0,5.0,5.0
171,-1.1930766271784627,0,5.0,5.0
172,-0.7090275460038825,0,5.0,5.0
173,0.3043823293303057,0,5.0,5.0
174,0.03213130174598825,1,0.7190217514061443,4.415450634008744
175,-0.35362770208805805,0,5.0,5.0
176,-0.18537462705490962,0,5.0,5.0
177,0.3131970255965328,0,5.0,5.0
178,-0.31132110028399146,1,2.738747203277042,2.7374485980313805
179,1.9670748425432394,1,0.8438207408314837,4.302614936576612
180,-0.7743269456110724,0,5.0,5.0
181,-0.6929293993812141,1,1.1183294293406874,4.102300714424007
182,0.4969063716274216,1,2.6426656469398386,2.823366739856424
183,-0.4488420747115634,0,5.0,5.0
184,0.509932231554424,1,2.8857251424255264,2.5920178878295395
185,-1.897486178983852,1,2.206995755542462,3.2367718048962786
186,-1.6713995120586838,1,4.553947111700368,0.5082738301690883
187,1.2696024483169313,0,5.0,5.0
188,1.0090367799348712,0,5.0,5.0
189,0.40242868545776767,1,1.6167744802858204,3.6997466756523205
190,-0.18473413023286256,1,2.223086706979277,3.235741161168428
191,1.4038836273610036,0,5.0,5.0
192,0.7561908692170293,0,5.0,5.0
193,1.6056413247474062,1,0.46292995048839203,4.611809745146691
194,2.887055818061924,0,5.0,5.0
195,-1.6965584810359664,1,4.765632020413734,0.28934313521339217
196,-1.1641250395985665,1,2.776197303856724,2.6836420737238496
197,0.4676774265375684,1,0.8652012593904101,4.277775845468642
198,0.11127212878900733,0,5.0,5.0
199,-1.241602813478651,1,4.453375690499165,0.6623716821337784
200,0.0544067293766559,1,3.130858782197659,2.3685908369238207
201,-0.21344161822095123,1,1.0916922014092325,4.1335782659550775
202,1.192551869804581,1,1.3359358297625514,3.9246077118920746
203,-0.4547405726356831,0,5.0,5.0
204,0.7512372270364783,0,5.0,5.0
205,-1.1244852753095171,0,5.0,5.0
206,0.9697432279442005,0,5.0,5.0
207,1.2201639422319868,0,5.0,5.0
208,0.2868108183000009,1,1.0046604496112324,4.1650465319119965
209,-1.2091118546077386,1,3.189418722691684,2.2905773348109046
210,-0.205196547607873,1,3.5412223222523904,1.787268704987455
211,0.3584677488150294,1,1.7116150828801004,3.581099138097924
212,-0.3171487642531877,1,0.2986014926836319,4.762278176955804
213,0.35637055759468905,1,2.4684248150514305,2.991653162492855
214,0.2824314489374111,0,5.0,5.0
215,0.05801661629883247,0,5.0,5.0
216,-1.468063876781159,1,4.276726644063408,0.8660491463948614
217,0.5248434782475319,0,5.0,5.0
218,-0.07950777490210147,1,3.6660091701799002,1.6462530883320912
219,-0.1420150719549592,1,3.212049097029407,2.2568974407154827
220,-0.4315063630423738,0,5.0,5.0
221,-1.4298397573606076,1,4.717706421554699,0.31444408248084155
222,0.5127886817434593,0,5.0,5.0
223,-0.447328655779121,1,2.832234077949629,2.615272511864737
224,-0.30079492388259077,0,5.0,5.0
225,-0.13103593054903542,0,5.0,5.0
226,0.018200296297285146,1,4.277775845468642,0.8652012593904101
227,0.6891840852492329,1,0.5284578846510738,4.537057842825766
228,-0.22446677106140575,1,4.350953040014404,0.7727243882013991
229,-0.44010209048870197,1,3.0048186814894406,2.464659331844744
230,0.694658958554321,1,2.656696293820947,2.8136745826134857
231,1.266287193540229,0,5.0,5.0
232,0.5055708764874994,0,5.0,5.0
233,0.791951023891755,0,5.0,5.0
234,-0.5981128441649,1,1.434453608267709,3.8520135858143343
235,-0.6975932611247883,0,5.0,5.0
236,0.47406028891508945,1,0.44952234279405634,4.621400935620297
237,-0.7570514812181526,1,3.954737214826345,1.3197530214120794
238,-0.1838719501665754,0,5.0,5.0
239,-1.859776681613835,0,5.0,5.0
240,0.2794096462116313,1,0.7057933990231178,4.419813663118931
241,0.8641821237794538,0,5.0,5.0
242,1.1027631008972854,1,0.31444408248084155,4.717706421554699
243,-0.46724385237557886,0,5.0,5.0
244,-0.13732432919489576,1,3.5109453356054656,1.8042603655732845
245,-0.9475550829600515,1,4.343877089955263,0.7819707516565149
246,-0.19189541298736282,0,5.0,5.0
247,-0.5796963464549318,0,5.0,5.0
248,0.002839871888301655,0,5.0,5.0
249,-1.573482591030018,0,5.0,5.0
250,0.4908897003015988,1,2.2568974407154827,3.212049097029407
251,1.3187247668685012,0,5.0,5.0
252,-1.9195719378760796,0,5.0,5.0
253,-0.8732666471911562,1,2.7554434689002534,2.706296337506114
254,1.6387912297813598,0,5.0,5.0
255,-0.1924254377796503,0,5.0,5.0
256,-1.351140716157383,0,5.0,5.0
257,0.07074785976427697,1,1.3498031572768276,3.913805757608992
258,0.030815677579467588,0,5.0,5.0
259,-0.9864195746951394,1,4.646909080848115,0.3903170971515302
260,-0.27189052940768627,1,1.573102878118423,3.732381811052239
261,1.914964558904271,0,5.0,5.0
262,0.6434257954626565,0,5.0,5.0
263,-1.3877717719622822,0,5.0,5.0
264,0.5536861770024117,1,2.0270027970990316,3.407418153131974
265,-1.507657306540617,0,5.0,5.0
266,-0.09413949939926258,1,2.8136745826134857,2.656696293820947
267,-0.9211862563595835,0,5.0,5.0
268,0.5748605196557743,1,2.001926188075129,3.420074544911456
269,-0.05838285973227266,1,2.8471323990238933,2.6072019608874384
270,-1.6629964271110247,1,4.362120711658527,0.7714054293925978
271,-0.32544602950155577,1,2.269292921713621,3.205119781865603
272,0.9536965743701252,1,0.3205410948701515,4.709235195714097
273,0.30675465389752654,0,5.0,5.0
274,-0.42024030132588264,0,5.0,5.0
275,0.9732711467609941,1,1.2740400938787166,3.9953832392241964
276,-1.5355869985871138,1,3.1134190209369303,2.392190299958316
277,-0.21671618404704956,1,3.7635642548840385,1.5349058219081535
278,-0.9889879383527189,0,5.0,5.0
279,-0.16562283378964662,1,4.186258720865949,0.9866046454687214
280,-2.6647480992210775,1,4.865419123709125,0.16105521344347534
281,-1.3852403409093186,1,4.422446433353649,0.7025580662182086
282,0.16824932053003783,1,1.8884091542541825,3.492506584761276
283,2.128358813075648,1,0.3903170971515302,4.646909080848115
284,1.704183498179653,0,5.0,5.0
285,-1.576679563151027,1,4.243798142986461,0.8987201892557637
286,0.3138339581852301,1,2.933591305065463,2.5293614557478783
287,-2.1083602205956775,1,4.824609688231639,0.20735739107660633
288,-1.0382864857079475,0,5.0,5.0
289,0.5254208905564003,1,1.1731048672650122,4.069095592611634
290,-1.2647164160962896,1,4.534397464547601,0.5332703051607383
291,1.532520945510601,1,1.0693087436264368,4.1504358075810295
292,-0.6533032475220973,0,5.0,5.0
293,0.21371511039779048,1,4.517686093894769,0.588895722492961
294,-1.4956293346696785,1,4.88096582120808,0.13551145006895454
295,-0.6772574274883997,0,5.0,5.0
296,0.5664778313008836,1,3.4408796345165533,1.9695032898659233
297,-0.10032950830194114,1,1.6560573266217888,3.642158874642686
298,0.4523302939118221,0,5.0,5.0
299,-0.04005867057463732,0,5.0,5.0
300,1.389435917664326,0,5.0,5.0
301,0.4633360282449331,1,2.6636346130699295,2.794242862356915
302,-0.056816744052622915,1,2.9606992086531623,2.498277425417192
303,-0.08699283690050558,0,5.0,5.0
304,-0.36886625043211496,1,3.42701873524722,1.9943241497651651
305,-1.0507295806466885,0,5.0,5.0
306,-1.1923707800448855,0,5.0,5.0
307,0.6985591604270108,0,5.0,5.0
308,-0.709107752287885,1,3.28700000691283,2.1261140030730905
309,-0.537845615771517,1,3.9953832392241964,1.2740400938787166
310,-0.8369608495129849,0,5.0,5.0
311,0.09402898987814819,1,1.4043388744722225,3.8649441553937636
312,1.930690859423876,0,5.0,5.0
313,0.040509809772500696,1,0.49685080470110476,4.573458181877289
314,-0.5779453112176094,1,2.923669231505981,2.5370173271388983
315,-2.0430789272892995,1,4.666257351833274,0.36604168382403623
316,-0.5952890218782347,1,4.532258329715421,0.5635527777238046
317,-0.06655560541388403,1,3.2055190368342146,2.2585942430532895
318,-0.6948152989620405,1,4.537057842825766,0.5284578846510738
319,-1.0195486760248234,0,5.0,5.0
320,-0.4031280870969165,0,5.0,5.0
321,0.3651947360705404,1,3.0287486585594356,2.445517152578528
322,-0.21436268131989428,1,2.0713750053119515,3.3678988149763582
323,-0.38376315198228317,0,5.0,5.0
324,0.1390406811759207,1,1.148978605069187,4.075470860118748
325,0.5611937801904835,0,5.0,5.0
326,-0.18988183403404102,1,4.232443133931472,0.9122122718212109
327,0.43592886709972883,1,1.9439730879301786,3.4742835383584887
328,1.381587659090601,0,5.0,5.0
329,-0.04834716331842837,0,5.0,5.0
330,-0.5755906628269106,1,4.5724820104846335,0.5010726589889123
331,0.19359967683400803,0,5.0,5.0
332,1.5224844167880045,0,5.0,5.0
333,-0.08626098390381476,1,2.56873402200997,2.902946206865817
334,0.471229245758684,0,5.0,5.0
335,-0.8968815800015197,0,5.0,5.0
336,0.7646105945672388,1,0.8018808786057288,4.317365564558006
337,1.0268782877079665,1,1.5452664760757198,3.7575822947399247
338,-0.5248118295201363,0,5.0,5.0
339,-0.3080210702927655,0,5.0,5.0
340,0.3324612106700799,1,3.6848865926827328,1.6379550481918697
341,0.6990454532617992,1,1.737133726349827,3.570892918510514
342,-0.5269779358348237,0,5.0,5.0
343,1.2462338458637199,0,5.0,5.0
344,-0.543838167223093,1,4.047173054987674,1.2116012686851574
345,-1.093344390237437,1,4.0722012084224595,1.1683980955530695
346,-0.4994815442443235,0,5.0,5.0
347,-1.4378779062142,1,3.176251150137646,2.308311713207755
348,1.6759310084795351,1,0.6455701303981672,4.4598822280657
349,0.2664142230591463,0,5.0,5.0
350,0.08544015684665515,0,5.0,5.0
351,0.7427076251081928,0,5.0,5.0
352,-1.042234359644559,1,2.8227774266727015,2.649717058486187
353,-1.3816412523731776,1,4.209412462669178,0.9582324872816533
354,-0.24111679486063148,0,5.0,5.0
355,-0.35927727784169694,0,5.0,5.0
356,0.05750726069589435,1,0.8660491463948614,4.276726644063408
357,-0.707897876298234,1,3.634321899169977,1.6668135542779672
358,0.08904623990176846,0,5.0,5.0
359,0.057091510104820206,1,2.572329294622541,2.9023148195958477
360,-1.6294112211421898,0,5.0,5.0
361,0.7927855714842034,1,1.3786281423220181,3.8838833515809412
362,0.3665372903943399,1,2.706296337506114,2.7554434689002534
363,0.7349302380759246,0,5.0,5.0
364,0.41128352031199616,1,2.783568849325828,2.6709258176731874
365,1.465292066792215,0,5.0,5.0
366,1.3539994861211535,0,5.0,5.0
367,0.3384947887351702,0,5.0,5.0
368,-0.8193717657140075,1,2.10083616938847,3.3388851170200007
369,-1.0037912722870093,0,5.0,5.0
370,1.2449226047070152,0,5.0,5.0
371,1.6751050979267537,0,5.0,5.0
372,-0.2441463925812521,1,1.1199802900319384,4.090254112365128
373,1.4091841984191467,0,5.0,5.0
374,-1.0796532133494583,1,3.2545705220487484,2.1865066877469013
375,0.7080878354186385,1,2.0562763115270055,3.3923790458782834
376,-1.850442436209324,0,5.0,5.0
377,2.140443397590178,0,5.0,5.0
378,0.5082038935271015,0,5.0,5.0
379,0.7176391533181327,0,5.0,5.0
380,0.8397578005975889,1,1.611447112071819,3.706006933617904
381,-0.5833662630973778,0,5.0,5.0
382,-0.5606038886810959,1,4.267061381246152,0.871433849759727
383,-0.4095783159805868,0,5.0,5.0
384,-0.18553665139070183,0,5.0,5.0
385,0.4492716608266344,1,3.407418153131974,2.0270027970990316
386,0.4230241446708982,1,2.1985146191408904,3.240043054318787
387,0.20825118838857057,0,5.0,5.0
388,0.1812291701670999,1,1.2071786255438204,4.048442438371315
389,0.12327667078761301,1,1.292669473337896,3.9848811018082246
390,0.48110188909866713,1,3.420074544911456,2.001926188075129
391,-0.3979935144873491,1,2.2998728051856556,3.18374649494901
392,0.6493003642460856,1,2.458668216742868,3.009715880258483
393,-0.5150457244663461,1,4.442150380393017,0.6782107578048918
394,-1.9878329938701613,1,4.692965838790907,0.35626430868353653
395,1.2720539237218085,1,1.1074931542330126,4.116492570019403
396,-0.06752530865430956,0,5.0,5.0
397,-0.2717270325666846,1,4.211742616661939,0.9534189668204041
398,-1.40976488918475,1,4.05177867123912,1.1929549000298059
399,-0.050664353079390774,1,3.701449458484172,1.6150774806171333
400,0.6344369871704858,0,5.0,5.0
401,0.17224183677284005,1,3.3962706920871315,2.0451726344250694
402,0.2743201986843087,0,5.0,5.0
403,-1.1181798019387814,1,3.642158874642686,1.6560573266217888
404,0.09606228678868876,1,0.9693298518323883,4.196193706327565
405,0.752091191975514,1,1.1714136582371533,4.07043628429943
406,-0.6104813699283251,0,5.0,5.0
407,0.3666312780471234,1,0.5225967990506626,4.549125182128929
408,1.562205119154602,1,2.5370173271388983,2.923669231505981
409,-1.2666331407233093,0,5.0,5.0
410,-1.07053686770168,1,3.235741161168428,2.223086706979277
411,1.1886780597271218,1,0.10518004158717034,4.899242962757225
412,-1.265043605296148,0,5.0,5.0
413,0.5489744977296307,1,1.578925355682738,3.729426052074891
414,0.2799760308929948,0,5.0,5.0
415,0.5372907215429273,1,3.227143421516465,2.2244702750869596
416,-0.8961513856534089,0,5.0,5.0
417,-1.2203270126441295,1,3.881992979969622,1.3846305886443888
418,-1.8575846526539026,1,3.7184297964918183,1.6071969982483816
419,0.020214470801509034,0,5.0,5.0
420,-0.3714967116642574,1,3.922945637029215,1.34234510682559
421,-0.36965411213162663,1,2.2788551649144195,3.20014075538125
422,0.17073214108798726,1,1.5533947381876694,3.7503107714418236
423,0.027537891198072328,0,5.0,5.0
424,2.0461812200006704,1,0.5977124411078365,4.502644799960694
425,1.360949990274833,1,0.5332703051607383,4.534397464547601
426,-1.5385472893109369,1,3.641478337829863,1.6624896079214497
427,0.17608247217216474,1,2.5855926256155737,2.887842122703405
428,-0.13603887293651823,0,5.0,5.0
429,-1.5746245166470823,0,5.0,5.0
430,-2.1000342990642897,0,5.0,5.0
431,0.2016561497418534,1,2.5827694555230996,2.893963662198513
432,-0.8756300761714321,0,5.0,5.0
433,0.5195073266150911,0,5.0,5.0
434,-0.5810086132580102,0,5.0,5.0
435,0.20668115588256564,0,5.0,5.0
436,0.16228687284442297,1,2.486304742868446,2.966264214781573
437,-0.4886613600434375,0,5.0,5.0
438,0.11133743911067,1,2.770357296766762,2.7040951770923844
439,0.9838706604490763,0,5.0,5.0
440,0.686567787217107,1,3.5719440890430474,1.730622948687852
441,0.6084658704970249,1,2.893963662198513,2.5827694555230996
442,-1.257640123455183,1,4.64613503682164,0.4152331274931763
443,-0.8916665292612577,0,5.0,5.0
444,-0.14247448399215468,1,3.489596706411796,1.8954965938388513
445,-0.8021935518633251,0,5.0,5.0
446,-3.102805981349113,1,4.809282578600258,0.21403344333600743
447,-0.3106721811538711,1,3.147446652944306,2.3620150640459414
448,-1.0537556554794396,0,5.0,5.0
449,0.11612273873917539,0,5.0,5.0
450,-0.4211549904869493,1,4.214392497917232,0.9494231545119228
451,0.8538026192862814,0,5.0,5.0
452,-0.7446438366637156,0,5.0,5.0
453,-1.5627578276260474,1,4.415450634008744,0.7190217514061443
454,-0.9737824994627791,0,5.0,5.0
455,-0.4623790454126186,0,5.0,5.0
456,0.7532668001515167,0,5.0,5.0
457,-0.7671462825322823,1,2.073939207069126,3.36728801206028
458,-0.944780495207955,0,5.0,5.0
459,0.3684918547073555,0,5.0,5.0
460,-1.4033571977452042,1,4.762278176955804,0.2986014926836319
461,-1.1135535444271656,1,3.3964609099752368,2.037621157146122
462,-1.0706162504215395,0,5.0,5.0
463,1.8306827464485977,0,5.0,5.0
464,1.007104225942687,1,3.229222432446617,2.223492886410322
465,-0.11195518159943577,0,5.0,5.0
466,0.3673003218649619,1,2.607762743341864,2.8464475276071415
467,0.4481681458819377,1,3.5038527332415703,1.8271162816496405
468,1.1524899421723742,0,5.0,5.0
469,0.05172772861198059,0,5.0,5.0
470,-0.8583255437253148,1,2.7238608711222976,2.740530501763575
471,-0.7504743031567117,0,5.0,5.0
472,2.18948925400798,0,5.0,5.0
473,1.70944283637845,0,5.0,5.0
474,1.8292970003249722,0,5.0,5.0
475,-1.1150295540623993,1,4.83868503795659,0.18507563487614026
476,-0.4159427809419756,1,4.256453279683481,0.8785575374802483
477,1.9759994926016613,0,5.0,5.0
478,1.472423324848346,1,1.0852314479464569,4.135844112345005
479,2.610260957404843,0,5.0,5.0
480,-1.4511382588417103,0,5.0,5.0
481,-2.5864090850023778,1,4.550898584099761,0.5146919330600291
482,-0.6533642853689299,0,5.0,5.0
483,0.11585189232833532,0,5.0,5.0
484,0.2514227012911117,1,1.2116012686851574,4.047173054987674
485,-0.07568840978073339,1,4.151251832065269,1.0626693406610572
486,-1.0652258092739981,1,2.900921318353386,2.5782850171564573
487,-2.1816264799942515,0,5.0,5.0
488,-2.4270419282970765,0,5.0,5.0
489,-0.22461056071075197,0,5.0,5.0
490,0.754793699944037,1,0.35626430868353653,4.692965838790907
491,-0.974844619337912,0,5.0,5.0
492,0.12066075756698331,0,5.0,5.0
493,0.8881016550829025,1,2.9023148195958477,2.572329294622541
494,-2.8809700171288073,0,5.0,5.0
495,-0.6015385754160784,0,5.0,5.0
496,0.6872105984957351,1,3.4744654921592244,1.938078301484299
497,1.3096787410213817,1,1.8466814737853845,3.4982976670545165
498,-0.04130189953849269,0,5.0,5.0
499,0.4845345592898776,0,5.0,5.0
500,1.3419258599266985,0,5.0,5.0
501,-1.8951501902926493,1,4.792188900377048,0.23049919164705507
502,1.9981681852634987,0,5.0,5.0
503,0.45062939158706666,0,5.0,5.0
504,0.7508603970956156,1,1.548469007468432,3.7572958806197176
505,-0.8636941312097659,0,5.0,5.0
506,-0.5875907149900425,0,5.0,5.0
507,1.818216864517205,1,0.12050617919790377,4.887310527270715
508,1.0474494076030332,0,5.0,5.0
509,-1.097963597598898,0,5.0,5.0
510,1.3876031090539165,1,1.9943241497651651,3.42701873524722
511,1.7942774062071012,0,5.0,5.0
512,-0.7439498101710718,0,5.0,5.0
513,0.45178881292829587,1,0.9178414438810223,4.228061566149872
514,0.9506869632083395,0,5.0,5.0
515,-0.047874924037140026,1,2.2807639445904195,3.198650419249746
516,0.09205735892953061,1,0.9656194434065409,4.2042845997509355
517,1.6361447821814425,0,5.0,5.0
518,0.5754168078798748,1,4.403828261696206,0.7431776100057766
519,-1.1697697768592143,1,4.781000455172033,0.2528430953998261
520,-0.591521574070314,0,5.0,5.0
521,-0.3955519306086986,1,3.0532934676116272,2.429464309022714
522,0.9196824378629282,0,5.0,5.0
523,0.2078146006552584,0,5.0,5.0
524,0.7902841470775123,1,1.6966252207157746,3.588484427386618
525,0.08485729385537653,1,4.317365564558006,0.8018808786057288
526,-1.478979408514823,1,4.463398105742911,0.6388393674166172
527,2.1868307769829367,1,0.10647686337910241,4.8968007381658145
528,-2.8043297998981043,0,5.0,5.0
529,-1.7590648466743106,0,5.0,5.0
530,2.5437443688122157,0,5.0,5.0
531,1.0596425855345242,1,2.5119947261582847,2.9416889957240664
532,0.1484032415907622,0,5.0,5.0
533,-0.6344647551804371,0,5.0,5.0
534,0.7264377416682188,1,2.1865066877469013,3.2545705220487484
535,-0.6068872827591965,0,5.0,5.0
536,-0.6934149287966466,0,5.0,5.0
537,-1.2773610072123616,0,5.0,5.0
538,0.4064374185892612,0,5.0,5.0
539,-1.334465959832826,0,5.0,5.0
540,1.170809780292081,0,5.0,5.0
541,0.17901530814206473,0,5.0,5.0
542,1.1224553438424074,0,5.0,5.0
543,1.2642204561163266,0,5.0,5.0
544,0.14143125871808873,0,5.0,5.0
545,0.6143020170992144,0,5.0,5.0
546,1.1297752969001038,1,0.47482768375998397,4.604501546961173
547,-2.5880679663756703,0,5.0,5.0
548,-0.19266742935459882,0,5.0,5.0
549,1.3742235941990801,0,5.0,5.0
550,-0.45931776963801313,0,5.0,5.0
551,1.6661398236864693,1,0.8383886154830791,4.3038055632766135
552,-0.7090728259350874,0,5.0,5.0
553,-0.8441190978459998,0,5.0,5.0
554,1.610963542181523,1,0.2074908262032546,4.822434630959258
555,-0.28834554027903386,1,2.7570665129431475,2.7061001636812887
556,-0.22600290899645917,1,3.4067594980642175,2.0298343681373354
557,0.23774342274772306,1,0.720109387823476,4.41503934275028
558,-0.9034880570020802,0,5.0,5.0
559,0.6399147468989893,1,1.3253586697402877,3.935784843775919
560,-0.11059723488106803,1,4.372641046149826,0.7635865774613717
561,-0.3314356535527277,1,3.0281107246581467,2.449149367824858
562,0.44023529963339064,0,5.0,5.0
563,0.07074174850607931,1,2.2585942430532895,3.2055190368342146
564,0.47512759157171464,1,0.5038570903284306,4.56120153937626
565,1.0562273816995187,1,2.991653162492855,2.4684248150514305
566,-0.5976337744302763,1,3.8710670113370442,1.401292608038937
567,-1.0302617839552737,0,5.0,5.0
568,0.5853231066087914,0,5.0,5.0
569,0.459522449798007,1,0.7144666303281659,4.415781095334681
570,-0.40102869923265844,1,4.052028211800078,1.1789211019878354
571,-0.5142228386693556,1,3.2718637215097095,2.1550641488293234
572,0.802735082876803,1,0.3452354154544338,4.6983257742928
573,1.5315592622308827,0,5.0,5.0
574,-0.3698066936258458,0,5.0,5.0
575,0.22639158943242993,1,0.8579790645828462,4.2805656172991
576,0.2614211812956561,0,5.0,5.0
577,-1.6360007790364355,1,4.744809416520881,0.3029664574340505
578,-1.6197113971536208,1,4.786971634988313,0.2410691817700686
579,0.6209459125641954,1,0.8684518099166707,4.274413071854891
580,1.5121188361982068,0,5.0,5.0
581,-0.45085471164360674,0,5.0,5.0
582,0.6830749003899245,0,5.0,5.0
583,-1.47118019120624,0,5.0,5.0
584,1.2894543260442686,1,1.5349058219081535,3.7635642548840385
585,1.8214807180791017,1,0.3108556585933222,4.727138530920365
586,-0.9506954830438968,1,3.917596826352799,1.3460868791010414
587,0.7270424338328317,1,3.6528400888987287,1.6546462627458847
588,0.4468632736226804,1,3.241043104029953,2.193961262014719
589,1.1123228492455604,0,5.0,5.0
590,-0.9568307879581714,1,3.1160974877102476,2.3914263512807876
591,-0.151309434471608,1,3.0766157212706395,2.3986676088717562
592,-0.39130822370409185,1,3.918653015438989,1.3437966226736566
593,0.8176135609473997,1,1.220135324456066,4.040895147454328
594,-1.1258227983905233,0,5.0,5.0
595,0.13155348871073766,1,1.5008076299813502,3.7766373407025924
596,-1.2180821960459225,1,4.840389546100649,0.17985418947626197
597,-0.5463187989046072,1,3.2739308762088637,2.14521042441583
598,1.6379642756174921,1,0.21762898899807975,4.8008167130131865
599,-0.1591968550070901,1,1.3437966226736566,3.918653015438989
600,0.16659987290999012,0,5.0,5.0
601,-1.3725963274420345,1,4.178370524514502,1.0005627890604871
602,1.0075798922757127,1,1.4972326507354694,3.795892573995922
603,-1.104975408642825,1,1.3291544780901345,3.9287184932786343
604,-0.5413646330265832,1,3.4742835383584887,1.9439730879301786
605,-1.8936897218181268,0,5.0,5.0
606,-0.12406005983366006,0,5.0,5.0
607,-0.027608906171039897,0,5.0,5.0
608,-1.5117713053238815,1,4.88127669845563,0.13540668265714936
609,-0.4688651713851308,1,1.3105180546163069,3.9648078038287067
610,2.0612254459948525,0,5.0,5.0
611,-0.1572127648572203,1,3.5005566015287863,1.8422591835254272
612,-0.8500911868675544,0,5.0,5.0
613,0.5585563382797175,0,5.0,5.0
614,0.5931534836490738,1,1.133610994650164,4.079546262765691
615,0.02732789924132976,0,5.0,5.0
616,-0.023162778032980863,0,5.0,5.0
617,0.9673837531644284,0,5.0,5.0
618,0.5557805067818931,0,5.0,5.0
619,-1.097392845528128,0,5.0,5.0
620,-0.1377559951494124,1,3.151289246146468,2.3584247433299974
621,0.07354492792626707,0,5.0,5.0
622,1.242997557294516,0,5.0,5.0
623,0.17225411962840026,1,1.730622948687852,3.5719440890430474
624,-0.8865869665527093,0,5.0,5.0
625,0.7792028057090943,1,3.3388851170200007,2.10083616938847
626,0.2501379833434393,0,5.0,5.0
627,-0.4750779656689747,1,4.535730865335054,0.5294837261235217
628,0.16368731536323203,0,5.0,5.0
629,-0.6129861310656998,0,5.0,5.0
630,-2.117282362595925,1,4.880077456986349,0.1380323519576809
631,-0.9807225853443124,1,3.878325653708008,1.3960833778045378
632,-0.018681205512937192,1,4.25570980512007,0.8808221024345279
633,-0.26467874939900093,0,5.0,5.0
634,-0.5129170682657934,1,3.280645794800099,2.1369294596526895
635,0.13558629931714333,1,2.429464309022714,3.0532934676116272
636,2.272409422702273,1,0.9484179176254744,4.219439732294049
637,-1.0762116613504027,1,3.696987135379755,1.6310031651455994
638,-0.8531885861717217,1,4.665166564956773,0.3668496501697478
639,1.4629096317342551,1,1.3219727357481326,3.9486656366750403
640,-0.4229836046820276,1,4.4977549543936535,0.6044181727000253
641,-0.4500263421725512,1,4.825176554648011,0.20009612389189385
642,0.524811416296473,1,0.7778298274607172,4.346766823436852
643,-1.3439368622688979,1,4.7702580362962905,0.2660205386455234
644,-0.214447693172385,1,3.3361318752309748,2.104349915713961
645,-1.1927326390351367,0,5.0,5.0
646,0.5090814031496856,0,5.0,5.0
647,0.443629034234729,0,5.0,5.0
648,-1.6997252635235518,1,4.557816782106409,0.5049777325444107
649,-1.8150546056513468,0,5.0,5.0
650,-0.8749625305102003,1,1.5634022644102745,3.7407147768469793
651,-0.9081715461726332,1,3.842263230656809,1.4376614329156885
652,-0.9275263932101517,0,5.0,5.0
653,-0.2950847535440096,1,0.7117519506709054,4.417848198294442
654,0.006833735256352824,0,5.0,5.0
655,-0.3251629580347968,0,5.0,5.0
656,0.09536331191729183,1,3.009715880258483,2.458668216742868
657,-1.2168121570475396,1,3.581099138097924,1.7116150828801004
658,-1.3516410551223765,0,5.0,5.0
659,-0.8153869349203762,1,4.601997841593267,0.47725140916862996
660,0.3770624188178611,0,5.0,5.0
661,0.7386030867194039,1,2.499198550137962,2.959457338671722
662,0.6924848807253716,1,0.1629074250252785,4.861134717604309
663,-2.00195793523569,0,5.0,5.0
664,1.4187498160693848,0,5.0,5.0
665,1.2229335276834237,1,1.0918319644580132,4.1315012845676
666,0.4884743054503204,0,5.0,5.0
667,-0.2009966496495843,0,5.0,5.0
668,1.7334224970623875,0,5.0,5.0
669,-0.14756279745513895,0,5.0,5.0
670,0.34940357684956297,1,2.9718085134098198,2.4831836383957757
671,-1.38738110188733,1,4.14170439519602,1.0756015881233654
672,0.39633330865807037,0,5.0,5.0
673,-0.709953685229327,1,4.081453064004806,1.1332466179927758
674,0.6134293729622092,0,5.0,5.0
675,-0.3016140050970185,1,3.492506584761276,1.8884091542541825
676,-0.43059957699158447,0,5.0,5.0
677,0.753464342253185,1,0.21403344333600743,4.809282578600258
678,0.6697027810907044,1,1.4996484448276606,3.793323630433628
679,-0.49669214490460956,1,1.0946313378742483,4.122580494696836
680,-0.8804833541425888,1,4.37065666165592,0.7695824868252932
681,-0.6376259215376353,0,5.0,5.0
682,0.8805680977131308,0,5.0,5.0
683,0.19581816991710455,0,5.0,5.0
684,0.8885211362364538,1,4.230646512937586,0.9152530549604866
685,-0.4195544812466147,0,5.0,5.0
686,0.7312190987330074,1,3.519194391502791,1.801743293173943
687,-0.7287386731027296,1,4.448988673777912,0.6635667973517775
688,1.4367055360914593,1,0.9636234143239649,4.2091493904017065
689,0.4928646158271861,1,3.2493110978448514,2.1871763785988865
690,-1.6907941089144458,0,5.0,5.0
691,0.9557300542893995,0,5.0,5.0
692,-0.012761742778246637,1,3.3678988149763582,2.0713750053119515
693,-0.9412550069498126,0,5.0,5.0
694,1.9415428506240495,0,5.0,5.0
695,-0.35734618351853054,0,5.0,5.0
696,0.8152638128875163,1,1.540121640725819,3.7625805683531137
697,1.0929967810294072,0,5.0,5.0
698,-0.2344961896953994,0,5.0,5.0
699,0.3466030160284496,1,4.111485813804205,1.1178504384266346
700,-0.5804420494079303,0,5.0,5.0
701,0.06435271082429489,0,5.0,5.0
702,-0.5521535987674835,0,5.0,5.0
703,-1.8037079430375442,0,5.0,5.0
704,0.8393617823102129,0,5.0,5.0
705,0.30029655398315286,1,4.185615504957212,0.9943858350250552
706,0.18395538753181045,1,2.137393415096337,3.2798129422168785
707,0.2563981761628087,0,5.0,5.0
708,1.1621190257707228,0,5.0,5.0
709,-0.923807980519141,1,2.0998443931814816,3.341592655183189
710,-0.030738140184688467,0,5.0,5.0
711,-0.014713390422960894,1,2.3486043329303707,3.168901408379714
712,1.2728884504191127,0,5.0,5.0
713,0.9843189889472291,0,5.0,5.0
714,-1.402170637754384,1,4.677843727459931,0.3625196669909164
715,-0.046409627936313175,0,5.0,5.0
716,1.3949953353208728,0,5.0,5.0
717,0.9759014217961016,1,3.2367718048962786,2.206995755542462
718,0.40347018145722957,0,5.0,5.0
719,-0.8184765234603332,0,5.0,5.0
720,-0.1035012280459753,1,2.7451241364795593,2.7194059185292927
721,-1.5265297412182437,0,5.0,5.0
722,0.796895174167204,0,5.0,5.0
723,-0.7554586734796286,0,5.0,5.0
724,0.08296372779440073,1,2.1132018667070263,3.333065980857042
725,-0.09102121610913778,1,3.8285795101249303,1.4376661830632906
726,0.3922124114279551,0,5.0,5.0
727,1.0199054530409575,0,5.0,5.0
728,0.5122495678078426,1,4.156236140162989,1.0189013429701226
729,-0.9996081539029914,0,5.0,5.0
730,0.7713240268642578,1,0.20009612389189385,4.825176554648011
731,-0.5258718357720762,0,5.0,5.0
732,-0.31800549130456446,0,5.0,5.0
733,0.8350529274674316,1,1.786729823895428,3.553044910603163
734,-1.4173793898501983,0,5.0,5.0
735,0.5552699023152544,0,5.0,5.0
736,0.09133116913058323,0,5.0,5.0
737,-0.49082002140336006,1,4.611809745146691,0.46292995048839203
738,-1.3325762506220835,1,3.054723365251709,2.4220360297965313
739,-1.3957020119900543,1,4.860450464777755,0.1690124736956131
740,-1.1719026479511518,0,5.0,5.0
741,1.9117204893149091,1,0.2319838291582926,4.79003095721316
742,-0.18360257104581637,1,3.6997466756523205,1.6167744802858204
743,-0.2910797261775617,0,5.0,5.0
744,0.034164465294402965,1,2.1261140030730905,3.28700000691283
745,-0.2772157470667784,0,5.0,5.0
746,1.154493797789124,0,5.0,5.0
747,0.8286571550791213,1,0.6831304304646332,4.44128686496081
748,-0.2936291278930097,1,1.8942050196263542,3.4910998484328726
749,1.2143112907444742,1,0.3625196669909164,4.677843727459931
750,0.44161533005686554,0,5.0,5.0
751,0.08767647675772046,1,1.7417583483143197,3.5678477568490057
752,-0.9934611544727965,0,5.0,5.0
753,-0.09931707210061885,1,3.5031726025208774,1.841966417096326
754,-1.2167247210706693,0,5.0,5.0
755,0.31013559410988895,1,2.4220360297965313,3.054723365251709
756,0.5615755431012598,0,5.0,5.0
757,1.811187963511385,1,0.29381008677870696,4.763146324601153
758,-0.3284351642076548,1,2.6709258176731874,2.783568849325828
759,0.07519132522550166,0,5.0,5.0
760,2.3218742389376077,0,5.0,5.0
761,-0.3448115131825907,1,4.069095592611634,1.1731048672650122
762,-0.1076455638442445,0,5.0,5.0
763,-0.05583651922823982,0,5.0,5.0
764,-1.087732486754176,0,5.0,5.0
765,1.1796313699080268,0,5.0,5.0
766,-1.0759960340145684,1,3.943817346006448,1.3224467476238402
767,0.3983062548905088,1,3.1233781862103482,2.3690511591960877
768,-0.49705188913123194,0,5.0,5.0
769,-0.9338328010462386,1,2.193961262014719,3.241043104029953
770,-0.3985176968624933,0,5.0,5.0
771,0.6717162172691203,0,5.0,5.0
772,0.6269270263219495,0,5.0,5.0
773,0.6359011294366947,0,5.0,5.0
774,-0.5361664220208323,1,4.155401662252036,1.0239509833640494
775,-0.5632466863629226,0,5.0,5.0
776,0.5673461436141711,0,5.0,5.0
777,1.1991584638424624,0,5.0,5.0
778,0.3370408835924353,0,5.0,5.0
779,0.5038774861449727,1,2.2064531447947044,3.23759834524951
780,0.32183537938564066,1,3.221112022318012,2.2534258289678646
781,0.6586687834243441,1,1.9695032898659233,3.4408796345165533
782,-1.8240463786709078,1,4.675852705530925,0.3629535566058477
783,1.5661331142254884,0,5.0,5.0
784,-1.9399773757282641,0,5.0,5.0
785,1.1526011126843412,1,0.31228805954365946,4.720292463047431
786,-0.002385648810511618,1,0.32681455775619794,4.704216802126197
787,-1.3159134001037651,1,4.637040681417045,0.4175672257503271
788,1.1958036938074699,0,5.0,5.0
789,-1.2735201353387713,0,5.0,5.0
790,-0.08180719693731296,0,5.0,5.0
791,1.5975798071936325,0,5.0,5.0
792,0.8671979806006751,1,3.975752831793,1.3043436773244226
793,0.3784406490878279,0,5.0,5.0
794,1.0982424610686554,0,5.0,5.0
795,-0.15606709311534175,1,2.306180600317594,3.1767145906948233
796,0.5717823812783316,0,5.0,5.0
797,0.8795319087042545,0,5.0,5.0
798,-1.5700961784492875,1,4.410711450249536,0.7315917074484184
799,0.4954377490591869,0,5.0,5.0
800,-0.6914089847046324,1,3.857594262173026,1.4126527069427675
801,0.4246709520748647,0,5.0,5.0
802,0.034408743379288856,0,5.0,5.0
803,0.48322910172959366,1,2.308311713207755,3.176251150137646
804,0.5285969120894322,1,2.669245312133293,2.7899928811075836
805,-0.6317759581159313,1,3.8117465806062607,1.495061930557205
806,-0.04496609566543649,0,5.0,5.0
807,0.7281446177142583,1,0.598164305614262,4.501209233859646
808,-0.04635865903548874,0,5.0,5.0
809,-0.37913045540003065,0,5.0,5.0
810,-0.4016070250646825,0,5.0,5.0
811,-0.586176650304616,1,2.42619863671194,3.0542495885987297
812,0.23464878365674327,1,3.5912588885011063,1.695809141898456
813,-0.41234532918692957,0,5.0,5.0
814,-1.5629130821405803,0,5.0,5.0
815,0.650134552640304,1,2.123800302290422,3.2961685788324533
816,-1.4572998908902894,1,4.864419526418506,0.1620185379687314
817,0.35839962035816114,0,5.0,5.0
818,1.0807232807639597,0,5.0,5.0
819,-1.8059873697236006,1,3.514452257398901,1.803533340540115
820,-0.039795203099239125,0,5.0,5.0
821,-0.07833581584181434,0,5.0,5.0
822,-1.358612780694771,0,5.0,5.0
823,-1.11670266887137,0,5.0,5.0
824,1.0165981796307448,0,5.0,5.0
825,-0.11956816465586405,0,5.0,5.0
826,-0.4958397482345302,1,2.6007005665430354,2.86212061126321
827,1.2393662614000587,1,0.7819707516565149,4.343877089955263
828,-2.3419700608980403,1,4.88238698436711,0.12270807835546887
829,-0.004402465948879887,0,5.0,5.0
830,-1.5925778543633715,1,4.7092361857225855,0.3146267714623969
831,0.21929028321540883,1,1.4092028447133278,3.8580476784467765
832,-0.9201049802064205,1,2.0315643003856287,3.4038276050614584
833,-0.023948019878374607,0,5.0,5.0
834,-1.8456076085019806,0,5.0,5.0
835,1.0601311214127422,1,0.49440679522033026,4.576719079627424
836,0.6875866804695153,1,0.4536511443377905,4.616396311459507
837,1.1535166531199839,1,2.3690511591960877,3.1233781862103482
838,-1.8138391721258023,1,2.9474061621322516,2.5103598059700967
839,-1.0121192918703403,1,4.766872132934173,0.28465180358303144
840,0.44020787890317986,1,3.553044910603163,1.786729823895428
841,-0.27967466563998206,1,4.456667678184109,0.6480037098615906
842,1.2310319125927285,0,5.0,5.0
843,0.3011515772324034,0,5.0,5.0
844,-0.5084573156120348,0,5.0,5.0
845,-0.23836134922132377,1,1.7923913062668446,3.530067430058282
846,1.4090912751427012,0,5.0,5.0
847,-1.3687464891723737,1,2.6072019608874384,2.8471323990238933
848,0.06143804563981882,0,5.0,5.0
849,-1.958634011933685,0,5.0,5.0
850,0.1885566254378046,0,5.0,5.0
851,-1.1232058479182823,1,3.9648078038287067,1.3105180546163069
852,-0.8681407631006252,0,5.0,5.0
853,-0.8292318868010302,1,4.075470860118748,1.148978605069187
854,0.46797981204372063,1,1.0899584606929769,4.135151454555208
855,-1.2296903589443435,1,4.861134717604309,0.1629074250252785
856,0.22802294225941527,1,3.0586554846479843,2.4144805983018633
857,0.10473803313344969,1,4.075161373440716,1.150302412743873
858,-1.045341338947357,1,3.308748028147281,2.1229968676486846
859,1.6358271403442737,1,0.20735739107660633,4.824609688231639
860,0.6660822590545864,0,5.0,5.0
861,-1.5421233476355125,0,5.0,5.0
862,-0.29799379063284515,1,1.3460868791010414,3.917596826352799
863,1.5143336418770668,1,0.25012901359939466,4.7858717507943895
864,-0.7222174728842365,1,4.738824924280446,0.3048364857447874
865,-0.6936325355490666,1,3.3757850148838644,2.0642296575332586
866,-0.42219672829741034,1,1.639730607970946,3.6787267534939088
867,-0.8987817781019778,1,3.172070256184261,2.333688518942161
868,1.609838541820751,0,5.0,5.0
869,0.16798474410624717,0,5.0,5.0
870,0.2846535343251391,1,3.8794818191978155,1.3895829034376401
871,1.5203344757861796,0,5.0,5.0
872,2.6696257603764573,1,0.588895722492961,4.517686093894769
873,-0.4326964721851644,0,5.0,5.0
874,-0.09487327984554823,0,5.0,5.0
875,-0.07385755332051552,1,1.841966417096326,3.5031726025208774
876,1.8916814525357033,0,5.0,5.0
877,0.6795056784633972,0,5.0,5.0
878,-1.3726838651354398,1,3.1621520017553477,2.352086311528423
879,1.3387158055409731,0,5.0,5.0
880,-1.1356982189557123,0,5.0,5.0
881,0.2678292572999624,0,5.0,5.0
882,-0.5051961325096674,1,4.44128686496081,0.6831304304646332
883,0.4208701750162957,1,3.0184456231525187,2.4529037591639486
884,-1.0984726654688057,0,5.0,5.0
885,-0.8772095879958395,0,5.0,5.0
886,-0.6312712658510561,1,2.464659331844744,3.0048186814894406
887,2.1008598800592635,1,0.8987201892557637,4.243798142986461
888,0.1884030749019598,0,5.0,5.0
889,0.584580571589223,0,5.0,5.0
890,1.2355347536994985,1,0.2528430953998261,4.781000455172033
891,0.9412630700713778,1,0.8127260069321538,4.312113368507558
892,0.0681815399625433,1,1.997134404396453,3.426857804549561
893,-0.19502505195804345,1,2.469767139538432,2.980171761474343
894,0.2849701842297261,1,3.5615314080736895,1.7478173467080835
895,-1.2227711856591477,0,5.0,5.0
896,0.012753484876015388,0,5.0,5.0
897,0.35482802746102954,0,5.0,5.0
898,1.6287608456213776,1,1.6780668630609272,3.6244399915878693
899,-0.3053761705786534,1,3.5087551393915906,1.805211693586139
900,-0.5329915443323053,0,5.0,5.0
901,1.7097988174970489,1,0.9494231545119228,4.214392497917232
902,-0.9590735789590744,1,1.9807237414340206,3.42807760609217
903,0.5670847962252134,1,2.2244702750869596,3.227143421516465
904,-0.5227702464091142,1,3.224108074966882,2.2284135198786013
905,-1.3216297156004002,0,5.0,5.0
906,-1.0172833983933407,0,5.0,5.0
907,0.8973742265317731,0,5.0,5.0
908,0.7721174880770779,1,2.059772827185703,3.3905235395209807
909,0.40549942735649225,1,2.4144805983018633,3.0586554846479843
910,-1.15047688603603,1,4.556119523749125,0.5051734518628727
911,0.37895725964281185,1,2.694343543177957,2.776082578629315
912,-0.10194019345531649,1,4.616396311459507,0.4536511443377905
913,-0.894015992491612,0,5.0,5.0
914,0.7538207183570765,0,5.0,5.0
915,-0.5224798544978776,1,4.179039707413959,0.9989732628576689
916,-0.6138908384211608,0,5.0,5.0
917,1.5184742434529754,1,0.6742464749511131,4.442702200105352
918,1.0010707920790594,0,5.0,5.0
919,-0.14302230746875053,1,3.0018388053175915,2.464888608434825
920,0.047927778996373474,1,4.3038055632766135,0.8383886154830791
921,1.670983984196602,0,5.0,5.0
922,0.5084549256374692,0,5.0,5.0
923,1.2437640689063127,1,1.787268704987455,3.5412223222523904
924,-1.3108543477025332,0,5.0,5.0
925,0.09520605406944112,1,2.333688518942161,3.172070256184261
926,-0.6105406017047214,0,5.0,5.0
927,-0.2746168795169094,0,5.0,5.0
928,0.336280918138901,1,1.678094706857942,3.6141681369024714
929,-1.2813542579649981,1,4.1650465319119965,1.0046604496112324
930,0.17192136943528216,0,5.0,5.0
931,-0.16090783824356958,0,5.0,5.0
932,-1.4172216529962791,0,5.0,5.0
933,0.941911913096919,0,5.0,5.0
934,1.0682045992355822,0,5.0,5.0
935,0.7770455006592769,1,0.9943858350250552,4.185615504957212
936,-0.736584554050782,1,2.018217342556306,3.417385021080827
937,-1.7403028332607597,1,4.619786540980897,0.4504670132796895
938,0.27610088572219016,0,5.0,5.0
939,0.19421215064110947,0,5.0,5.0
940,2.057911723008928,1,0.7635865774613717,4.372641046149826
941,1.702654870330236,1,0.5049777325444107,4.557816782106409
942,-0.040623691067823896,0,5.0,5.0
943,-0.6933835746958857,0,5.0,5.0
944,1.6926498798038767,1,0.7849272064165904,4.334016264302605
945,0.14061008723351553,0,5.0,5.0
946,0.5516009389670714,1,0.6379986314198558,4.470773276798156
947,0.3686946624380685,0,5.0,5.0
948,-0.8238252103627957,0,5.0,5.0
949,1.3371006805665244,1,1.5541448446314383,3.7458868030000176
950,-1.0464523243645487,0,5.0,5.0
951,0.3780380338380045,1,2.0298343681373354,3.4067594980642175
952,0.14887497980329512,1,3.4842333274324444,1.9205595836260771
953,0.14817888725133652,0,5.0,5.0
954,-0.7628198106232427,0,5.0,5.0
955,-0.2558641410063845,0,5.0,5.0
956,1.1211333384901943,1,0.6264823212366782,4.494907749988693
957,-0.43384766225336485,1,2.3685908369238207,3.130858782197659
958,-0.0830608305828127,1,2.2858917091918376,3.189797569830197
959,-0.553836836116738,0,5.0,5.0
960,-0.6660056019346804,1,4.702828438906704,0.3352045079640231
961,1.2459530350811936,0,5.0,5.0
962,0.8617882808723376,1,1.0189013429701226,4.156236140162989
963,-1.3676687226269795,0,5.0,5.0
964,0.2193482035889854,0,5.0,5.0
965,-0.6422273276446901,0,5.0,5.0
966,0.2898208528984015,0,5.0,5.0
967,1.507251245858421,1,1.5572305265409907,3.744764040396781
968,-1.8914121031638582,0,5.0,5.0
969,-0.6486876647852214,1,3.0426715236452733,2.4395477714249285
970,0.8405109432852007,1,1.0239509833640494,4.155401662252036
971,1.5223171624617124,0,5.0,5.0
972,-2.2087641375037155,0,5.0,5.0
973,-1.8669399641554998,1,4.434036132792014,0.6885486328692138
974,-0.2266588084050648,0,5.0,5.0
975,-1.3268643691694655,0,5.0,5.0
976,-1.844293476065724,0,5.0,5.0
977,-2.1332936778375506,0,5.0,5.0
978,0.43697650094265506,0,5.0,5.0
979,-1.4638576517739514,0,5.0,5.0
980,0.4928761528893487,0,5.0,5.0
981,1.1129910167894317,0,5.0,5.0
982,0.10045265059361065,0,5.0,5.0
983,0.5213733193461533,0,5.0,5.0
984,-1.9108762093674243,0,5.0,5.0
985,0.36101783816053107,1,2.4529037591639486,3.0184456231525187
986,-0.08420002940100652,0,5.0,5.0
987,-1.6763585924630653,1,3.1190026526601278,2.3852189469040224
988,0.5183750850113482,1,2.7194059185292927,2.7451241364795593
989,-0.29162290298816934,0,5.0,5.0
990,-0.690660029389297,1,4.116709972703922,1.1065448366512685
991,0.5095130542943989,0,5.0,5.0
992,0.589886520141995,1,1.2300322158388894,4.021327576508348
993,0.025685258739127307,1,1.280127188019868,3.9898834383446466
994,-1.5338625500659635,1,3.394098751032949,2.0558828081637825
995,1.0652813973565447,0,5.0,5.0
996,0.11517142533957317,1,1.3156994295859727,3.9628053133227827
997,0.8274436084458993,1,2.8464475276071415,2.607762743341864
998,0.5441635422769777,0,5.0,5.0
999,0.09705925324950966,1,2.6003445080093717,2.8658659601910568
1000,-0.21641650598395115,1,3.4982976670545165,1.8466814737853845
1001,0.31071114544323136,0,5.0,5.0
1002,-0.9093050016019467,1,3.3923790458782834,2.0562763115270055
1003,0.8171148216521752,0,5.0,5.0
1004,-0.5238500192412623,1,1.4376661830632906,3.8285795101249303
1005,-1.0834820722521405,1,4.3982954801623055,0.7460733239734341
1006,1.2945030994690836,1,1.1234465777594724,4.089521287913468
1007,-0.32232920093042866,0,5.0,5.0
1008,-0.6125148000850591,0,5.0,5.0
1009,0.04261886171163982,1,2.3584247433299974,3.151289246146468
1010,-1.1990391246153154,0,5.0,5.0
1011,1.751399551080317,0,5.0,5.0
1012,0.3192672442954635,0,5.0,5.0
1013,-1.4312461562264511,1,4.193973614787028,0.9811920877149649
1014,-0.15683343243784686,1,4.502644799960694,0.5977124411078365
1015,-1.407406723361349,1,4.523302445340891,0.5875511655329231
1016,-2.325545443633248,0,5.0,5.0
1017,-0.2606338932032953,0,5.0,5.0
1018,-1.256728033719048,0,5.0,5.0
1019,0.132554365286179,0,5.0,5.0
1020,-0.5730780671342894,0,5.0,5.0
1021,-0.8723676022618925,1,3.5678477568490057,1.7417583483143197
1022,0.4241066275869647,0,5.0,5.0
1023,0.667797495289465,0,5.0,5.0
1024,0.40189161900594106,1,1.766469248277157,3.555468464240773
1025,0.555925743802622,0,5.0,5.0
1026,0.03009475704557852,0,5.0,5.0
1027,-0.23707898070378278,0,5.0,5.0
1028,0.9255425242993213,0,5.0,5.0
1029,-0.4017642487788401,1,2.7213694777982753,2.742006556061079
1030,-0.31299801943209604,1,3.6861489851172182,1.6372708492500359
1031,-0.21335750745238702,1,2.9416889957240664,2.5119947261582847
1032,0.7674545153971408,1,1.001874933121808,4.170519503808402
1033,-0.16486458393588185,0,5.0,5.0
1034,-0.013395623206965033,1,2.776082578629315,2.694343543177957
1035,-0.9469772915099567,1,2.7259550996498025,2.739138534136673
1036,1.486196495828915,0,5.0,5.0
1037,0.6154609184389902,0,5.0,5.0
1038,0.16517594658870643,0,5.0,5.0
1039,-0.9706165667207063,1,0.923845231234631,4.225320355978711
1040,-0.27643480523889863,0,5.0,5.0
1041,0.924978628937628,1,0.9036070877335649,4.238393272975868
1042,1.805659006071352,1,0.18799979554409224,4.835534316608468
1043,1.4188700365043385,1,3.3905235395209807,2.059772827185703
1044,-0.19485898619347486,0,5.0,5.0
1045,1.0255547878668747,1,2.4395477714249285,3.0426715236452733
1046,0.25603672990025367,0,5.0,5.0
1047,0.7335495433474334,0,5.0,5.0
1048,0.3262044119540578,1,3.8649441553937636,1.4043388744722225
1049,0.607644163622718,1,1.0756015881233654,4.14170439519602
1050,1.541694081496919,0,5.0,5.0
1051,-0.42172087348303117,1,4.2042845997509355,0.9656194434065409
1052,-0.5608121279478667,1,4.050432422984005,1.200117642858559
1053,1.1290942414501062,0,5.0,5.0
1054,0.6108038397923581,1,1.1683980955530695,4.0722012084224595
1055,-0.412197707812959,0,5.0,5.0
1056,0.5673733930699911,1,0.7695824868252932,4.37065666165592
1057,-0.1427564430565944,1,1.9926711645266129,3.427955301198693
1058,-0.3775995469962029,1,4.285180749354317,0.8558941008702615
1059,0.6259627915268101,0,5.0,5.0
1060,1.125326273851525,1,1.2812710782257326,3.9889311156825022
1061,-0.7016259912149735,1,4.585579421503198,0.4854720285975216
1062,-1.9677823933177199,1,4.7603529351479725,0.3019450714576909
1063,0.2737698591813543,1,2.590705702683217,2.887680798810007
1064,0.6073488416607199,1,1.8422591835254272,3.5005566015287863
1065,-0.052370673582009704,1,1.1332466179927758,4.081453064004806
1066,0.0741532652679477,0,5.0,5.0
1067,-0.20138048197228026,1,2.827334230961645,2.62054191177605
1068,-0.8049789719588993,1,4.425206946159185,0.7020639778335263
1069,0.7417052183402839,1,0.23049919164705507,4.792188900377048
1070,0.79373989223683,0,5.0,5.0
1071,0.4278015289762088,0,5.0,5.0
1072,-0.19233724190497106,0,5.0,5.0
1073,-0.9468453445654016,0,5.0,5.0
1074,-1.9016675213722842,1,4.869303762867582,0.15326925664432078
1075,0.7088402591462997,0,5.0,5.0
1076,1.1067296058761007,0,5.0,5.0
1077,0.8945410163362288,0,5.0,5.0
1078,-0.15353125078272442,0,5.0,5.0
1079,2.040719292060611,1,0.28168547298638436,4.767181753217434
1080,-2.003156632850086,1,4.044195353524863,1.2160117680865707
1081,-0.6287797266069738,0,5.0,5.0
1082,0.22489446818095057,0,5.0,5.0
1083,0.6685256937033842,1,2.119085150473704,3.3092178964703933
1084,0.636656569787036,0,5.0,5.0
1085,-0.15141224279271942,1,2.364127737227265,3.1360613679255036
1086,0.706072329598957,0,5.0,5.0
1087,0.3660840400119801,0,5.0,5.0
1088,-1.9173698630060658,1,4.798689803358582,0.22931693381226578
1089,-1.3265690454285133,0,5.0,5.0
1090,1.0740307651262144,0,5.0,5.0
1091,0.6797140021866457,0,5.0,5.0
1092,-0.7697534492451048,0,5.0,5.0
1093,-0.01534867868492299,0,5.0,5.0
1094,-0.3835200559064027,0,5.0,5.0
1095,-1.538377391794025,1,3.9889311156825022,1.2812710782257326
1096,1.39197930637174,1,0.5146919330600291,4.550898584099761
1097,0.2906524393116496,1,0.40962590754584305,4.646261780975903
1098,-1.909671914945115,0,5.0,5.0
1099,0.49592685525776053,1,2.116378026394327,3.3258521776687733
1100,0.15229353686388786,0,5.0,5.0
1101,-1.0756964651800807,0,5.0,5.0
1102,-0.10078363944510339,1,0.7004978371237877,4.426425011921752
1103,0.5132672461236131,1,0.8808221024345279,4.25570980512007
1104,-0.138655918975021,1,2.352086311528423,3.1621520017553477
1105,-1.1028999729839615,0,5.0,5.0
1106,-1.6850325923486262,0,5.0,5.0
1107,-0.4615670120486651,1,4.090254112365128,1.1199802900319384
1108,-2.108766833834317,1,4.604501546961173,0.47482768375998397
1109,2.0209484728582274,0,5.0,5.0
1110,1.1234055800282843,0,5.0,5.0
1111,-0.17220545112200852,1,4.470773276798156,0.6379986314198558
1112,-0.8997271117780077,1,1.5714191770169073,3.7379012610232945
1113,0.3095717050112085,1,2.739138534136673,2.7259550996498025
1114,-2.0874823516103573,0,5.0,5.0
1115,-1.1784609012542775,1,3.9898834383446466,1.280127188019868
1116,-1.0516911911454547,1,1.6717711381788043,3.63416035898264
1117,0.12825959515100382,1,2.2924373058072804,3.184765552041066
1118,-1.6418721489583306,1,4.223337565401471,0.9387817519258447
1119,0.4177226393691958,1,2.615272511864737,2.832234077949629
1120,0.1423818473630193,0,5.0,5.0
1121,0.7881307553617327,0,5.0,5.0
1122,-1.1424503353950652,0,5.0,5.0
1123,0.16011322695515842,1,0.5232923162861263,4.545474796734422
1124,-0.4386540277868209,1,3.3520394501195603,2.0897144124061797
1125,0.5013170208600184,0,5.0,5.0
1126,0.5972901377751574,1,1.7482435267525087,3.559821723891301
1127,1.0242824270316753,1,0.3048364857447874,4.738824924280446
1128,0.6991894621760382,0,5.0,5.0
1129,0.5146080143336207,0,5.0,5.0
1130,1.3858865711830786,1,3.758016873518048,1.544414593053945
1131,1.2385071423831164,1,0.8773536127023218,4.257209668802107
1132,-1.2299449908957125,0,5.0,5.0
1133,0.2469698319562168,1,2.0897144124061797,3.3520394501195603
1134,-1.8919488877130208,1,3.9929070383141814,1.2743220286141566
1135,-0.316378851927448,1,2.5920178878295395,2.8857251424255264
1136,-1.0390525257856258,1,3.049735644005592,2.4372343586812653
1137,-1.8918268494588422,0,5.0,5.0
1138,-0.33033651962637584,0,5.0,5.0
1139,0.5441397720272165,0,5.0,5.0
1140,-1.7166688566159873,1,4.646261780975903,0.40962590754584305
1141,-0.26791260626389046,0,5.0,5.0
1142,0.6248594846953379,1,0.7714054293925978,4.362120711658527
1143,-0.454288390655798,0,5.0,5.0
1144,0.357726359870858,1,2.1369294596526895,3.280645794800099
1145,1.1826291775260453,1,0.46272398909368695,4.615940989991364
1146,-0.4888042341773055,0,5.0,5.0
1147,-0.6269600120577659,1,3.3258521776687733,2.116378026394327
1148,-1.2246380122289506,0,5.0,5.0
1149,1.5398341218073657,1,0.5296281039065893,4.535198225297078
1150,0.6240974716349603,0,5.0,5.0
1151,0.06476005262034508,1,0.9866046454687214,4.186258720865949
1152,0.5360148442173195,1,1.6071969982483816,3.7184297964918183
1153,-0.0736655018420193,0,5.0,5.0
1154,-1.4680922762713577,1,4.225320355978711,0.923845231234631
1155,-1.5747076223551864,1,4.728828220318131,0.30932735776121006
1156,2.323059047176456,0,5.0,5.0
1157,0.7443022671973715,1,1.495061930557205,3.8117465806062607
1158,0.995348611601449,1,1.4734209485389473,3.823508603940048
1159,-1.4201116529354276,0,5.0,5.0
1160,-1.1467971824241812,0,5.0,5.0
1161,-0.45708019387571885,0,5.0,5.0
1162,-1.4075501028285955,1,1.801743293173943,3.519194391502791
1163,-0.8378553833029044,1,2.9190467764369186,2.539363595794693
1164,0.4589665296944151,0,5.0,5.0
1165,1.5430620803121693,0,5.0,5.0
1166,-2.22126232915452,1,4.819836446276126,0.2124250821535258
1167,0.5313421593269072,1,0.6453888629843393,4.4613105486486235
1168,-1.6567907836240103,0,5.0,5.0
1169,0.7056196987758594,1,3.0542495885987297,2.42619863671194
1170,-2.1837623755197955,1,4.767181753217434,0.28168547298638436
1171,1.4724399362366838,0,5.0,5.0
1172,-1.435588315009475,1,4.586231893256881,0.48313500435281354
1173,-0.8580574879069631,0,5.0,5.0
1174,-0.40452936313977855,0,5.0,5.0
1175,1.0884617153286327,0,5.0,5.0
1176,-0.07457799331337689,0,5.0,5.0
1177,0.5224430358074024,0,5.0,5.0
1178,0.19873341092130029,0,5.0,5.0
1179,-0.8561250571187167,1,0.9122122718212109,4.232443133931472
1180,-0.2110017824232195,1,1.9205595836260771,3.4842333274324444
1181,0.030489773061703414,1,1.6624896079214497,3.641478337829863
1182,-0.4915746770430343,1,3.706006933617904,1.611447112071819
1183,0.7818031865519676,0,5.0,5.0
1184,0.39079509789538347,1,3.3555893624721693,2.0895896894542276
1185,-1.6009753677911231,1,4.144055023883202,1.0713066600644945
1186,-0.05988623546074268,1,3.855426601724083,1.4201005358719079
1187,0.6423754485111506,0,5.0,5.0
1188,0.25267509055208787,0,5.0,5.0
1189,1.2825043802873104,1,1.3224467476238402,3.943817346006448
1190,-1.488177789635496,0,5.0,5.0
1191,-1.2731958758344206,1,4.048384234744436,1.209024646578995
1192,1.2667999697914099,0,5.0,5.0
1193,-0.5014518650133868,1,3.36728801206028,2.073939207069126
1194,-1.6327167467561776,1,3.010227639043542,2.457546601300063
1195,0.7837477331756308,0,5.0,5.0
1196,-0.49708348347229553,1,2.4372343586812653,3.049735644005592
1197,1.0549919554651368,0,5.0,5.0
1198,1.975546877774701,0,5.0,5.0
1199,0.35299164378108583,1,2.887842122703405,2.5855926256155737
1200,-0.2286075466498076,1,1.805211693586139,3.5087551393915906
1201,0.9784302707476985,1,0.6388393674166172,4.463398105742911
1202,0.5146752955769056,1,2.7899928811075836,2.669245312133293
1203,-0.5234505450326885,1,1.3960833778045378,3.878325653708008
1204,-0.38316383675733695,0,5.0,5.0
1205,-1.6642740522274537,0,5.0,5.0
1206,0.33091550356677063,1,0.8520887195318303,4.300043608119625
1207,1.8690609458859804,1,0.1690124736956131,4.860450464777755
1208,-0.19577197701630839,0,5.0,5.0
1209,1.0203055808254196,1,1.6310031651455994,3.696987135379755
1210,1.5151431672134021,1,0.9582324872816533,4.209412462669178
1211,-0.2690344032280464,1,0.4175672257503271,4.637040681417045
1212,-0.14634233223210333,1,1.6116819664295494,3.704444156200225
1213,0.4439107663583675,0,5.0,5.0
1214,-0.0531447301923201,0,5.0,5.0
1215,0.4782936579930497,0,5.0,5.0
1216,0.9249961443267853,0,5.0,5.0
1217,1.8689237073248977,1,0.7578334223032038,4.381312357438598
1218,0.19276528991224065,0,5.0,5.0
1219,-0.5380501594568938,1,3.9628053133227827,1.3156994295859727
1220,0.0050230987227436975,0,5.0,5.0
1221,-0.894238842842547,0,5.0,5.0
1222,1.8306542798032426,0,5.0,5.0
1223,0.24218510573554963,0,5.0,5.0
1224,-0.609204874746894,1,3.8838833515809412,1.3786281423220181
1225,-0.13827131286418975,1,1.2468580526852289,4.018136490530971
1226,-1.454832497269857,1,4.300043608119625,0.8520887195318303
1227,-0.3702642981319445,0,5.0,5.0
1228,-0.5376117765172538,1,3.9028307984068835,1.3549067272137894
1229,-0.2863746597747168,0,5.0,5.0
1230,1.9790385004795903,0,5.0,5.0
1231,0.7883918540342222,1,3.854093997785304,1.4324647347426795
1232,-0.25637317990022634,0,5.0,5.0
1233,1.419411785800437,0,5.0,5.0
1234,-0.4941247601835621,1,3.7458868030000176,1.5541448446314383
1235,-0.43285095200708096,0,5.0,5.0
1236,0.24503088258455072,0,5.0,5.0
1237,0.36168768930649625,1,2.2905773348109046,3.189418722691684
1238,2.0180007309857872,0,5.0,5.0
1239,-1.7817662952762774,1,4.706628438540441,0.32442285755946315
1240,-0.6939857581179861,0,5.0,5.0
1241,-0.8774316013537774,0,5.0,5.0
1242,-1.2262134924855237,1,4.6983257742928,0.3452354154544338
1243,0.4032549909359562,0,5.0,5.0
1244,-1.6674888809615007,1,2.539363595794693,2.9190467764369186
1245,-0.08541560351340269,1,3.3593205406715345,2.0858317120547816
1246,1.4079200705657033,1,1.6668135542779672,3.634321899169977
1247,-1.6368412637533258,1,4.501209233859646,0.598164305614262
1248,-1.3075924524814553,1,1.9134798506985724,3.488316786629349
1249,-0.19765693708842616,0,5.0,5.0
1250,-1.2457480540618608,1,4.331440339978138,0.7879200422122816
1251,2.926794126708325,1,1.3328303199909781,3.9261365266527073
1252,1.7737172933058833,1,0.15541559854373085,4.868387012546648
1253,-0.8515870026658622,0,5.0,5.0
1254,-2.081470517937594,1,4.274413071854891,0.8684518099166707
1255,0.3185330786768186,1,1.6482876122185293,3.6635008588347433
1256,-2.1471963668583975,0,5.0,5.0
1257,1.811542527718065,1,0.5875511655329231,4.523302445340891
1258,-0.0763602657998705,0,5.0,5.0
1259,-1.1223880879394905,1,4.822434630959258,0.2074908262032546
1260,0.41146439656114653,0,5.0,5.0
1261,2.2203555341998293,0,5.0,5.0
1262,0.6191071419949497,0,5.0,5.0
1263,2.0026921672007796,1,1.3846305886443888,3.881992979969622
1264,0.1682720944061181,0,5.0,5.0
1265,-1.2776265788034162,0,5.0,5.0
1266,-0.02839070520754793,0,5.0,5.0
1267,0.09595827881695795,0,5.0,5.0
1268,-0.11902010214672665,0,5.0,5.0
1269,1.0622383035700118,0,5.0,5.0
1270,-0.8861250201751769,1,4.727138530920365,0.3108556585933222
1271,0.8518755987476375,0,5.0,5.0
1272,0.03786450481831311,0,5.0,5.0
1273,0.5607566401530868,0,5.0,5.0
1274,-0.7961801025288413,0,5.0,5.0
1275,-1.0403599795960476,0,5.0,5.0
1276,0.8697934814686581,0,5.0,5.0
1277,-0.312008657469683,0,5.0,5.0
1278,-0.6054980392645389,0,5.0,5.0
1279,-1.6773337658253253,1,3.4910998484328726,1.8942050196263542
1280,0.20991984086361454,1,1.938078301484299,3.4744654921592244
1281,0.5353360194232525,0,5.0,5.0
1282,-0.7685887513494952,0,5.0,5.0
1283,-0.9538249241279724,1,4.4613105486486235,0.6453888629843393
1284,0.08951071578098019,1,2.8658659601910568,2.6003445080093717
1285,-1.1467804825038128,1,3.333065980857042,2.1132018667070263
1286,0.6324937210571484,0,5.0,5.0
1287,0.4919082491728672,0,5.0,5.0
1288,-0.2614870058019001,1,1.4547519467439007,3.8255866939002825
1289,0.23628125696352045,1,0.6554044421415111,4.454057185801635
1290,-0.14148637096910963,1,3.3092178964703933,2.119085150473704
1291,0.21545128851044712,1,1.6757448942403255,3.626948399654316
1292,0.38937185902785704,0,5.0,5.0
1293,-0.4465998180160618,0,5.0,5.0
1294,-0.48267630561814057,0,5.0,5.0
1295,0.01702001257914635,1,0.3146267714623969,4.7092361857225855
1296,0.5464596629956198,1,0.19072368320371552,4.8269074415010875
1297,1.5648573153606198,1,2.4622845422925947,3.0050417453471296
1298,0.8948302309327685,1,1.1065448366512685,4.116709972703922
1299,-2.211539302205152,0,5.0,5.0
1300,-0.011898446725397293,1,3.4194106979115335,2.001945215507239
1301,0.6438654574237965,1,1.401292608038937,3.8710670113370442
1302,-0.1446540744144727,1,1.6546462627458847,3.6528400888987287
1303,0.9801044561192575,0,5.0,5.0
1304,-0.4981675733602735,1,4.135844112345005,1.0852314479464569
1305,1.7526476924316432,1,0.4152331274931763,4.64613503682164
1306,-0.5548917258727619,1,4.694906507722934,0.3465182759791729
1307,-1.0371707762933777,1,3.793323630433628,1.4996484448276606
1308,-0.6635840364889446,1,2.915565097113126,2.567112753031981
1309,-0.6732718458398673,0,5.0,5.0
1310,1.332153099505386,0,5.0,5.0
1311,-0.9697186170385996,0,5.0,5.0
1312,-1.5223501250640044,1,4.135151454555208,1.0899584606929769
1313,-1.7137018087349964,1,4.205981291876877,0.9638787053637858
1314,0.4685590137166623,1,0.35753410872605296,4.6866902627537534
1315,1.7470114548290485,1,0.598104060341637,4.501450031397503
1316,1.9215348890259967,0,5.0,5.0
1317,0.515447373549935,1,3.7271588248810956,1.6052560873635768
1318,1.108543439062946,1,2.144014278900329,3.279277090341001
1319,-0.2213542851950805,1,2.2284135198786013,3.224108074966882
1320,-0.8701585148724499,1,2.1852692621913987,3.267809981359893
1321,1.059878798822173,1,0.888617182234426,4.2517832314763995
1322,-1.0217983256060024,1,4.228061566149872,0.9178414438810223
1323,2.1760738431186963,1,0.6635667973517775,4.448988673777912
1324,-1.6666655602241818,1,4.494907749988693,0.6264823212366782
1325,-0.5391361357961708,1,3.607940184567132,1.678172283660657
1326,0.29514554283920474,1,3.1468282142916797,2.3624191150297724
1327,-0.6013482643270112,1,1.856621569366308,3.4967702160550296
1328,-1.3370405241376049,0,5.0,5.0
1329,-0.09459531848887756,1,3.8520135858143343,1.434453608267709
1330,-0.4831002818337355,0,5.0,5.0
1331,1.7084490806062869,0,5.0,5.0
1332,-0.9792023433827847,0,5.0,5.0
1333,-2.533829604096814,0,5.0,5.0
1334,0.4794658735977525,1,0.7020639778335263,4.425206946159185
1335,0.9179576279308714,1,1.2737414151797584,4.002931649910206
1336,0.48830520188575,0,5.0,5.0
1337,-0.9758945852131218,0,5.0,5.0
1338,0.5785299916377913,0,5.0,5.0
1339,-0.022095640598612215,0,5.0,5.0
1340,0.2019055538668997,0,5.0,5.0
1341,-1.5189054417622891,0,5.0,5.0
1342,-0.8663256008889312,0,5.0,5.0
1343,-1.605128097820551,0,5.0,5.0
1344,0.34696160248516816,1,1.4201005358719079,3.855426601724083
1345,0.33263917977257207,0,5.0,5.0
1346,1.358497593661082,1,0.494623499841079,4.576622892695334
1347,-1.1292735417140762,1,4.417848198294442,0.7117519506709054
1348,-0.06085463448250132,0,5.0,5.0
1349,0.16623562958075003,0,5.0,5.0
1350,1.3118878390926254,0,5.0,5.0
1351,-0.4339155250912941,1,4.4598822280657,0.6455701303981672
1352,-0.6503653198626806,0,5.0,5.0
1353,-0.6188033369200627,0,5.0,5.0
1354,0.10177052037085386,1,2.283820352248662,3.194038997879319
1355,0.5117281155138915,1,2.457546601300063,3.010227639043542
1356,-1.029597661980745,1,3.6244399915878693,1.6780668630609272
1357,0.28719246817284205,1,2.649717058486187,2.8227774266727015
1358,0.8795073521161536,1,1.0005627890604871,4.178370524514502
1359,-0.7275627835066067,0,5.0,5.0
1360,-0.97691539220056,1,3.8580476784467765,1.4092028447133278
1361,-1.7248349084167856,0,5.0,5.0
1362,-0.405055968062659,0,5.0,5.0
1363,-0.21377836881376597,1,3.704444156200225,1.6116819664295494
1364,0.8236540131598171,1,0.3629535566058477,4.675852705530925
1365,-0.7700382670296956,1,4.1925579057647715,0.9824651386461137
1366,0.19207106997337758,0,5.0,5.0
1367,-1.8795264577416306,0,5.0,5.0
1368,0.08302195977742743,1,1.8042603655732845,3.5109453356054656
1369,0.7044854613944588,1,0.42250193761879806,4.629160929176317
1370,-0.14668830086076992,0,5.0,5.0
1371,-1.247796671866788,1,1.8271162816496405,3.5038527332415703
1372,0.13098907394408002,0,5.0,5.0
1373,0.15204379636237172,0,5.0,5.0
1374,-0.6231185014286358,1,2.3624191150297724,3.1468282142916797
1375,0.0977045213795039,1,1.8954965938388513,3.489596706411796
1376,-0.17369751305705067,1,3.0050417453471296,2.4622845422925947
1377,1.1042665301798917,1,1.1563481648517513,4.072987664432124
1378,-0.5350497215709518,1,3.8118658971766726,1.4944419209071735
1379,-0.8717619716907739,1,3.6076667405724128,1.6873046589489944
1380,-0.164476989156627,0,5.0,5.0
1381,1.2543486526354066,1,4.419813663118931,0.7057933990231178
1382,-1.4381910756524354,0,5.0,5.0
1383,0.01480718271649248,1,3.063735235575229,2.407512598899817
1384,1.237317208528826,0,5.0,5.0
1385,-0.42442637256579885,0,5.0,5.0
1386,0.6819322963014404,1,1.678172283660657,3.607940184567132
1387,-0.6584221330892083,0,5.0,5.0
1388,-0.16633824330705996,0,5.0,5.0
1389,0.04088762460770516,1,0.5936984091687638,4.515514931161197
1390,0.9750692295708211,0,5.0,5.0
1391,-0.09888190519808235,1,4.048442438371315,1.2071786255438204
1392,0.9933426579290607,1,0.3080034294456624,4.731530177644827
1393,-1.7276106070297887,1,4.346766823436852,0.7778298274607172
1394,-0.14765689321212136,0,5.0,5.0
1395,1.779977427092096,1,0.7576978344691742,4.385861520956664
1396,0.4478851280713789,1,2.4387669596944486,3.04338506737485
1397,0.9111109714377825,0,5.0,5.0
1398,0.04003874061959972,0,5.0,5.0
1399,1.2193958026234917,0,5.0,5.0
1400,-0.7917564040353016,1,2.6426032293866437,2.825864519376286
1401,0.7502002508421213,1,3.9246077118920746,1.3359358297625514
1402,0.4021653966602445,1,4.0756867818652465,1.1464069230019767
1403,-1.4798873286462542,1,4.2091493904017065,0.9636234143239649
1404,-1.6654917585513525,1,4.078352840044445,1.1411929074436424
1405,0.7846006670474702,1,0.871433849759727,4.267061381246152
1406,-1.840593493488202,0,5.0,5.0
1407,0.8592228369833184,0,5.0,5.0
1408,-0.10029680234099396,1,3.9848811018082246,1.292669473337896
1409,1.4850865561462518,0,5.0,5.0
1410,0.6560701367973414,1,3.729426052074891,1.578925355682738
1411,-0.5940039850410112,1,3.588484427386618,1.6966252207157746
1412,0.46583313246594166,0,5.0,5.0
1413,-0.8535725362599945,1,4.731530177644827,0.3080034294456624
1414,0.18909677746873985,0,5.0,5.0
1415,-0.5584071333560382,0,5.0,5.0
1416,2.05882728821418,1,0.12270807835546887,4.88238698436711
1417,-0.3746868702554386,0,5.0,5.0
1418,0.4044561578554344,0,5.0,5.0
1419,1.064469362691918,1,0.6782107578048918,4.442150380393017
1420,1.6081784930875551,0,5.0,5.0
1421,-1.2598011122182327,0,5.0,5.0
1422,-0.19947399097295934,1,4.196193706327565,0.9693298518323883
1423,-0.42411806975423466,0,5.0,5.0
1424,-0.9234328023004493,0,5.0,5.0
1425,0.09528034714722118,0,5.0,5.0
1426,0.38733216925314307,1,1.2615600130074096,4.00759266555223
1427,-0.087537588937497,0,5.0,5.0
1428,0.6896106646451626,0,5.0,5.0
1429,-1.4576426904460886,0,5.0,5.0
1430,-0.5251571946143099,0,5.0,5.0
1431,-0.06789533942016736,0,5.0,5.0
1432,-0.330101893789315,0,5.0,5.0
1433,0.721343801330369,1,3.4038276050614584,2.0315643003856287
1434,-0.1398818836025631,1,3.1168739688308853,2.387591405915767
1435,-0.31247174316742427,1,2.843662217513713,2.608935021193997
1436,0.19665244543994836,1,2.0558828081637825,3.394098751032949
1437,0.6426299715394393,0,5.0,5.0
1438,0.8600942763056642,0,5.0,5.0
1439,-2.5554340873020083,0,5.0,5.0
1440,2.5482440938273796,1,0.48313500435281354,4.586231893256881
1441,1.2239804027596835,0,5.0,5.0
1442,-0.275769660300802,0,5.0,5.0
1443,-1.724652315488494,0,5.0,5.0
1444,-1.1451148057906368,1,0.30932735776121006,4.728828220318131
1445,0.8547067180548592,1,2.015409879278098,3.4193216316145354
1446,1.9568654060720603,0,5.0,5.0
1447,0.7165715066454542,0,5.0,5.0
1448,0.36736590612945325,0,5.0,5.0
1449,-0.8549401696720396,0,5.0,5.0
1450,-0.9475070719099582,1,2.887680798810007,2.590705702683217
1451,-0.20372945131588302,0,5.0,5.0
1452,-0.02445901938855399,1,1.259152400366967,4.008629341583546
1453,0.2212411734810729,0,5.0,5.0
1454,1.447626767602674,1,1.2236832940957387,4.026324479028255
1455,1.1006511956426377,0,5.0,5.0
1456,0.3262887784537374,0,5.0,5.0
1457,-1.2283097508301764,0,5.0,5.0
1458,-1.1751080180998659,0,5.0,5.0
1459,0.235409120682888,0,5.0,5.0
1460,0.02732951572122527,0,5.0,5.0
1461,2.5612483722631008,0,5.0,5.0
1462,0.4990195670252483,1,3.341592655183189,2.0998443931814816
1463,0.2523338653289376,1,2.464888608434825,3.0018388053175915
1464,0.6953076588705369,0,5.0,5.0
1465,0.2740986965769561,0,5.0,5.0
1466,-1.2064501998826906,1,4.615940989991364,0.46272398909368695
1467,0.6470877992920344,1,2.14521042441583,3.2739308762088637
1468,0.769203471937185,0,5.0,5.0
1469,-0.29331213859593436,1,2.0858317120547816,3.3593205406715345
1470,-0.33724295386786124,1,2.392190299958316,3.1134190209369303
1471,-2.1586602632356295,0,5.0,5.0
1472,0.8037335171186462,0,5.0,5.0
1473,0.3353056806038895,1,2.7040951770923844,2.770357296766762
1474,-0.07261549087956277,0,5.0,5.0
1475,0.7657645817861226,0,5.0,5.0
1476,-0.8445903169611001,0,5.0,5.0
1477,-0.6394329533000099,0,5.0,5.0
1478,-2.0223514048228886,0,5.0,5.0
1479,-0.5540247682708357,0,5.0,5.0
1480,0.24747726039861512,1,2.3942107255647853,3.0806803929950872
1481,-2.121026006442158,1,4.501450031397503,0.598104060341637
1482,-1.4136750833353258,0,5.0,5.0
1483,-0.3816538766387039,1,3.426857804549561,1.997134404396453
1484,-0.024132525058072903,1,4.693233216918858,0.35174471006377306
1485,-0.5225094391879637,0,5.0,5.0
1486,0.18664015287177624,0,5.0,5.0
1487,-1.5564472209903746,1,4.1504358075810295,1.0693087436264368
1488,1.3923439051592759,0,5.0,5.0
1489,-0.7759717781858032,1,4.608768344477675,0.4715215470594274
1490,-1.7149560644539454,0,5.0,5.0
1491,-0.5900479408976058,1,3.2427547672218964,2.1897815208282703
1492,1.7599631129213522,0,5.0,5.0
1493,0.25985073017182725,1,2.8814302119786914,2.5947795629161887
1494,0.9598434660670327,1,0.564387768440907,4.526180161906094
1495,2.493855308474882,1,0.6044181727000253,4.4977549543936535
1496,-0.38195348512666555,1,3.508232047094974,1.824299429759031
1497,-0.4450841708142023,1,0.7790455171262598,4.345573403823994
1498,-0.22146368532613195,0,5.0,5.0
1499,0.7084778193966097,0,5.0,5.0
1500,-0.12497144294502327,1,3.55772336062847,1.7608226766060955
1501,0.6336201430132244,1,1.824299429759031,3.508232047094974
1502,-0.04871859893796741,0,5.0,5.0
1503,0.146716597494028,0,5.0,5.0
1504,-0.004518439896851362,1,3.744764040396781,1.5572305265409907
1505,-1.7377733027522602,1,2.4011160185916314,3.0666128678299773
1506,0.157180146788169,0,5.0,5.0
1507,1.0001494872652108,0,5.0,5.0
1508,-1.275581547771948,1,4.302614936576612,0.8438207408314837
1509,-0.9998062563057962,1,3.9287184932786343,1.3291544780901345
1510,0.495682385935193,1,1.0026041871408933,4.1678967370234545
1511,0.06129887436608108,0,5.0,5.0
1512,0.013440710284609735,1,2.3926829210620224,3.080977322492455
1513,-1.8621081621073483,0,5.0,5.0
1514,0.6926225630707964,1,1.7003342889870356,3.5870159182320465
1515,0.6757771340744528,0,5.0,5.0
1516,-0.5304471528358488,1,3.080977322492455,2.3926829210620224
1517,0.2949041992617831,0,5.0,5.0
1518,1.2944999461551538,0,5.0,5.0
1519,1.344665410523421,0,5.0,5.0
1520,-0.641157544655541,1,2.902946206865817,2.56873402200997
1521,0.2412698595834442,0,5.0,5.0
1522,-0.21415593039367062,1,2.001945215507239,3.4194106979115335
1523,-0.7996878841688995,0,5.0,5.0
1524,-0.1320031000638427,0,5.0,5.0
1525,-1.9397355020211011,1,4.151874803997013,1.0348005732319208
1526,2.2062147382092134,0,5.0,5.0
1527,2.333961325159778,1,0.38890998650973685,4.6591269269786
1528,-1.0952287415834965,1,3.530067430058282,1.7923913062668446
1529,0.28805081432398705,0,5.0,5.0
1530,0.7400769451499456,1,0.6972616961463137,4.426645606475499
1531,-0.5855827341359491,1,3.267809981359893,2.1852692621913987
1532,-0.7925509218643579,0,5.0,5.0
1533,-0.6747466723109622,0,5.0,5.0
1534,-0.3132024563438549,1,0.4196740677004306,4.630085780068429
1535,-0.7462347207897227,1,4.7858717507943895,0.25012901359939466
1536,-0.4359456105508558,1,4.00759266555223,1.2615600130074096
1537,0.07303355330086031,1,4.056725208075787,1.1777025912398622
1538,-0.48749146604594706,0,5.0,5.0
1539,1.4521733162856338,0,5.0,5.0
1540,-1.0692524650781576,0,5.0,5.0
1541,-0.5509898789710566,1,4.381312357438598,0.7578334223032038
1542,0.0968556094065385,1,2.3620150640459414,3.147446652944306
1543,0.32218461304653806,0,5.0,5.0
1544,-0.24533926959818617,1,2.5103598059700967,2.9474061621322516
1545,-1.3755361886478015,0,5.0,5.0
1546,-1.4123265788267005,0,5.0,5.0
1547,2.0661305304122295,0,5.0,5.0
1548,-0.883550025356077,0,5.0,5.0
1549,-0.9474880833858449,0,5.0,5.0
1550,-0.3003069428001557,1,2.037621157146122,3.3964609099752368
1551,-0.4323448008599296,0,5.0,5.0
1552,-0.009904880123824417,0,5.0,5.0
1553,-1.1789942419409596,1,3.2798129422168785,2.137393415096337
1554,-1.4344083466516164,0,5.0,5.0
1555,-0.5470260006004409,0,5.0,5.0
1556,-0.9837995333865165,0,5.0,5.0
1557,-1.473651081369156,0,5.0,5.0
1558,0.09166210857933485,1,2.608935021193997,2.843662217513713
1559,-0.9421286608670653,1,4.621400935620297,0.44952234279405634
1560,0.9080372166949283,0,5.0,5.0
1561,1.4901278669245392,0,5.0,5.0
1562,-0.4288008797994191,0,5.0,5.0
1563,0.6042945353070125,1,2.825864519376286,2.6426032293866437
1564,-0.24913067437812034,1,4.442702200105352,0.6742464749511131
1565,-0.7022214591067857,1,4.002931649910206,1.2737414151797584
1566,1.6725023093379676,1,1.6379550481918697,3.6848865926827328
1567,-0.09384388118434625,1,2.7061001636812887,2.7570665129431475
1568,-1.198572536015592,1,4.07043628429943,1.1714136582371533
1569,-0.29545332280798176,1,1.2160117680865707,4.044195353524863
1570,-0.44192578939279625,0,5.0,5.0
1571,-0.9585912031225086,0,5.0,5.0
1572,-0.19457113835643114,1,0.7908211514317471,4.325422171973385
1573,0.24976961279681617,1,2.1550641488293234,3.2718637215097095
1574,-0.7396041382697723,1,1.6052560873635768,3.7271588248810956
1575,-0.9554724011321976,1,3.161309132618853,2.35682053325122
1576,-0.37516922337812064,0,5.0,5.0
1577,-1.0109732488428986,0,5.0,5.0
1578,0.9568771165873728,0,5.0,5.0
1579,-0.10671606581203552,0,5.0,5.0
1580,-0.31052198847179807,1,4.334016264302605,0.7849272064165904
1581,-1.3156580711935695,1,3.0806803929950872,2.3942107255647853
1582,-0.45688749867755424,1,3.7766373407025924,1.5008076299813502
1583,0.38686256787911266,0,5.0,5.0
1584,0.2513042516788865,1,3.417385021080827,2.018217342556306
1585,1.7584325965841758,0,5.0,5.0
1586,0.30751877151087126,0,5.0,5.0
1587,-0.5902316754073782,0,5.0,5.0
1588,-0.3179514225543993,1,4.526180161906094,0.564387768440907
1589,-1.6194393490472554,1,3.2961685788324533,2.123800302290422
1590,-3.1608687930408794,0,5.0,5.0
1591,-0.8275339983190951,0,5.0,5.0
1592,-0.17286796669750337,1,3.4468072322267735,1.9579596673347532
1593,0.8285428623290912,0,5.0,5.0
1594,0.567309382098896,0,5.0,5.0
1595,-0.4209622094351547,1,3.7572958806197176,1.548469007468432
1596,0.1404049683116709,1,3.0071415885959962,2.4603503391880106
1597,0.39355913833217765,0,5.0,5.0
1598,-0.8615859120393445,0,5.0,5.0
1599,-0.39762260992459536,1,3.2889859851331718,2.12561673707248
1600,-0.10037420277514626,0,5.0,5.0
1601,0.11837969032314172,0,5.0,5.0
1602,-0.5510554312021091,0,5.0,5.0
1603,1.847929694299314,0,5.0,5.0
1604,0.8212781998521087,0,5.0,5.0
1605,-0.42057091547131065,0,5.0,5.0
1606,0.4467540875374293,1,2.202010403531943,3.2389284782882903
1607,-0.3077385713890266,0,5.0,5.0
1608,1.262137713342585,1,0.3029664574340505,4.744809416520881
1609,1.7249626072559492,0,5.0,5.0
1610,-0.7082267835734294,0,5.0,5.0
1611,-0.8855483565661969,1,2.567448677741935,2.9042024960883817
1612,0.08043357877033361,0,5.0,5.0
1613,1.7578960855617423,0,5.0,5.0
1614,1.4370994118183964,0,5.0,5.0
1615,-1.1843903938587559,0,5.0,5.0
1616,-1.3067757082049258,1,4.549125182128929,0.5225967990506626
1617,-0.3575558054554866,0,5.0,5.0
1618,-0.06773421780636192,1,0.3839860974317143,4.663592767935851
1619,1.162421362249261,1,3.8255866939002825,1.4547519467439007
1620,0.5243669001824557,0,5.0,5.0
1621,1.1065484419766352,1,0.3649946685590403,4.674456207465227
1622,-1.4251861348933743,0,5.0,5.0
1623,-1.404596880885572,1,4.295979964691345,0.8551535862822056
1624,-1.7339121597875635,1,4.6866902627537534,0.35753410872605296
1625,1.2816243264511813,1,0.35174471006377306,4.693233216918858
1626,-1.058031260912474,1,4.1335782659550775,1.0916922014092325
1627,-1.025328997134932,0,5.0,5.0
1628,0.472141507310716,1,1.209024646578995,4.048384234744436
1629,1.1638989751029514,0,5.0,5.0
1630,0.7121811313439098,1,3.559821723891301,1.7482435267525087
1631,1.8172702420234845,0,5.0,5.0
1632,1.8643876854196182,1,1.4324647347426795,3.854093997785304
1633,-0.01976846973254309,1,0.7315917074484184,4.410711450249536
1634,-0.21380347934518684,1,2.774687908115195,2.7027429106535434
1635,0.3574256555627691,1,1.3895829034376401,3.8794818191978155
1636,-0.2175773805803563,0,5.0,5.0
1637,-0.5243024090676552,1,3.4193216316145354,2.015409879278098
1638,1.2024449477477515,0,5.0,5.0
1639,1.1584809813404509,0,5.0,5.0
1640,0.5249938493642115,1,3.189797569830197,2.2858917091918376
1641,-0.665239865514743,0,5.0,5.0
1642,0.7809925672698089,0,5.0,5.0
1643,1.8755386256613973,1,0.18507563487614026,4.83868503795659
1644,0.4163085515574477,0,5.0,5.0
1645,-1.1163699263563636,0,5.0,5.0
1646,-0.6483135665851192,1,1.0348005732319208,4.151874803997013
1647,-1.253178462602204,0,5.0,5.0
1648,0.3937858449387434,1,1.3730663477691454,3.8844019070113327
1649,0.11891088199866079,0,5.0,5.0
1650,0.6835247582902427,1,1.34234510682559,3.922945637029215
1651,1.2712145302374975,1,0.5051734518628727,4.556119523749125
1652,-0.9399384356116953,1,4.8008167130131865,0.21762898899807975
1653,0.7915531022777975,0,5.0,5.0
1654,1.0113522747508228,1,2.104349915713961,3.3361318752309748
1655,-0.9266388399922246,1,2.823366739856424,2.6426656469398386
1656,-0.1766501523515983,0,5.0,5.0
1657,-1.0807091534403892,0,5.0,5.0
1658,-1.2653817819795696,0,5.0,5.0
1659,-0.248844613716882,0,5.0,5.0
1660,1.1724507285177945,1,0.8558941008702615,4.285180749354317
1661,-0.5870603869516456,1,3.2389284782882903,2.202010403531943
1662,0.8036825746465454,1,3.240043054318787,2.1985146191408904
1663,0.10431853741934538,0,5.0,5.0
1664,2.071093799587216,0,5.0,5.0
1665,0.44084098368872393,0,5.0,5.0
1666,-0.3243130266122574,1,4.2517832314763995,0.888617182234426
1667,1.053736241920627,0,5.0,5.0
1668,-1.4961399764449013,1,3.8802396744021617,1.3847927167343688
1669,0.9166451393106464,1,4.482654420880396,0.6335687587469306
1670,-1.0420593005991423,1,4.689126853578715,0.35700309438848654
1671,1.4016792255365336,0,5.0,5.0
1672,0.7159069814589513,0,5.0,5.0
1673,0.6745724121325193,0,5.0,5.0
1674,2.6975629100308587,1,0.16105521344347534,4.865419123709125
1675,-0.26787465692734413,1,1.9579596673347532,3.4468072322267735
1676,-0.5122209307206372,0,5.0,5.0
1677,2.2375885185666102,0,5.0,5.0
1678,-2.663212380601023,1,4.8968007381658145,0.10647686337910241
1679,0.5654608167080994,1,3.332588500134873,2.1151016812901893
1680,2.146388214665536,1,0.1380323519576809,4.880077456986349
1681,-0.03652451290745254,1,2.681725983809239,2.779118799080291
1682,0.7451367381673831,1,2.498277425417192,2.9606992086531623
1683,-0.7575201255375409,0,5.0,5.0
1684,-0.42981959350842985,1,0.47725140916862996,4.601997841593267
1685,1.1794566552092411,0,5.0,5.0
1686,0.07538998785519778,0,5.0,5.0
1687,1.278895442587431,0,5.0,5.0
1688,-1.5425390081807313,0,5.0,5.0
1689,1.5972906332504706,1,0.13081550892341678,4.881943551957737
1690,-0.03704259787201127,1,3.7728370529572905,1.5278404186431422
1691,0.3580106081604173,1,2.445517152578528,3.0287486585594356
1692,-0.8811986152027658,0,5.0,5.0
1693,-1.4814918520900482,0,5.0,5.0
1694,-0.8709214640021696,0,5.0,5.0
1695,0.8969435334530197,1,1.695809141898456,3.5912588885011063
1696,-1.2958227867197052,1,4.385861520956664,0.7576978344691742
1697,0.48464595096613355,1,0.7460733239734341,4.3982954801623055
1698,-1.4539695034862006,0,5.0,5.0
1699,0.07334433625993378,1,2.857183341335431,2.602944592901465
1700,1.7452312037196154,1,2.407512598899817,3.063735235575229
1701,0.859617651118139,0,5.0,5.0
1702,1.5179038638253635,1,0.15326925664432078,4.869303762867582
1703,0.7030725255961154,0,5.0,5.0
1704,1.7612570759176076,0,5.0,5.0
1705,-0.5089329339260782,0,5.0,5.0
1706,2.2666346249637193,1,0.17985418947626197,4.840389546100649
1707,0.6759606574522634,1,1.6873046589489944,3.6076667405724128
1708,1.1954756489763638,1,4.072987664432124,1.1563481648517513
1709,-0.7653302109341746,0,5.0,5.0
1710,0.08065135138963088,0,5.0,5.0
1711,-0.05105662382424484,0,5.0,5.0
1712,0.7952716763443015,0,5.0,5.0
1713,0.050170233164680604,0,5.0,5.0
1714,-0.4093374314215294,0,5.0,5.0
1715,0.9166488396277368,1,0.7879200422122816,4.331440339978138
1716,0.21448936509252617,0,5.0,5.0
1717,0.3331684951233634,0,5.0,5.0
1718,0.5697811948909898,0,5.0,5.0
1719,-0.6365014782560616,1,4.478743441422147,0.6354471547343823
1720,0.7614916084164434,0,5.0,5.0
1721,0.2815554088313174,0,5.0,5.0
1722,-0.6035451227292318,0,5.0,5.0
1723,-2.26583082490425,1,4.6847071887357306,0.35820737756336674
1724,-1.1518674986907649,1,3.6635008588347433,1.6482876122185293
1725,-1.1638436499092057,0,5.0,5.0
1726,0.3132418542352903,1,3.4462662519917466,1.958713409750429
1727,-0.9928605737837563,0,5.0,5.0
1728,0.9673778537667653,0,5.0,5.0
1729,-0.44438127886411255,0,5.0,5.0
1730,-0.5466407354669807,1,2.602944592901465,2.857183341335431
1731,-0.05592815155088307,0,5.0,5.0
1732,-0.6232218524151381,1,1.6150774806171333,3.701449458484172
1733,-0.11992271942748406,0,5.0,5.0
1734,-0.5918108134107215,1,4.170519503808402,1.001874933121808
1735,-1.3236621448360573,0,5.0,5.0
1736,1.6899271615755098,1,0.2410691817700686,4.786971634988313
1737,-0.6922901617984595,1,1.6462530883320912,3.6660091701799002
1738,-0.22954723546710498,1,4.238393272975868,0.9036070877335649
1739,-0.1502276971998669,1,4.79003095721316,0.2319838291582926
1740,-0.522942098299454,0,5.0,5.0
1741,0.9750634825620936,1,0.8785575374802483,4.256453279683481
1742,-0.8383890216796619,1,1.3549067272137894,3.9028307984068835
1743,0.6377725556220275,1,1.803533340540115,3.514452257398901
1744,0.7853142460038309,0,5.0,5.0
1745,-0.34942165220291466,0,5.0,5.0
1746,1.1417160962046589,0,5.0,5.0
1747,0.6673861834544267,1,1.8649801611920842,3.495709801373886
1748,0.23762979052657618,1,1.4883420034428878,3.8192950547709903
1749,-2.395510478958757,0,5.0,5.0
1750,0.7422645143559633,0,5.0,5.0
1751,1.0109498286191299,1,0.8551535862822056,4.295979964691345
1752,-0.46660980064701907,1,3.0666128678299773,2.4011160185916314
1753,-1.0569471523603833,1,3.495709801373886,1.8649801611920842
1754,0.33299627912272123,1,3.04338506737485,2.4387669596944486
1755,-0.3839251800180041,1,3.7407147768469793,1.5634022644102745
1756,-0.5579038676269906,1,4.102300714424007,1.1183294293406874
1757,-0.5017552081028006,0,5.0,5.0
1758,-0.9420619458356254,1,4.853201073827642,0.17216951575407435
1759,1.0485397181566587,0,5.0,5.0
1760,1.9566125265949923,0,5.0,5.0
1761,-0.9878675055222753,1,4.535198225297078,0.5296281039065893
1762,0.24578227618997922,0,5.0,5.0
1763,-1.392202162611708,0,5.0,5.0
1764,2.4824188895367776,1,0.6335687587469306,4.482654420880396
1765,-0.5681174165526441,0,5.0,5.0
1766,-1.7709136867769504,1,4.576622892695334,0.494623499841079
1767,0.3621149668971403,0,5.0,5.0
1768,-0.277816982699571,0,5.0,5.0
1769,-1.3123134560123737,0,5.0,5.0
1770,-0.700657973407844,0,5.0,5.0
1771,1.0061231240813306,1,1.4376614329156885,3.842263230656809
1772,0.424784140461751,0,5.0,5.0
1773,1.0593056830586502,1,0.5082738301690883,4.553947111700368
1774,1.7322754746145927,1,0.13551145006895454,4.88096582120808
1775,-0.5027748969910184,1,3.4858603261625087,1.9143908992445444
1776,-0.3601588695595192,1,2.794242862356915,2.6636346130699295
1777,0.057149827439827335,1,3.9261365266527073,1.3328303199909781
1778,0.3522494274939149,0,5.0,5.0
1779,-2.994900532981328,1,4.881943551957737,0.13081550892341678
1780,1.5347982824344377,1,0.9638787053637858,4.205981291876877
1781,0.09916962105700533,0,5.0,5.0
1782,0.11899134695979069,1,1.0713066600644945,4.144055023883202
1783,-0.5160555843736573,1,3.7625805683531137,1.540121640725819
1784,-1.9323914972704306,0,5.0,5.0
1785,1.3043630821568868,0,5.0,5.0
1786,-0.006786222735162085,0,5.0,5.0
1787,0.4245123793454389,1,0.36604168382403623,4.666257351833274
1788,1.619588340874871,1,0.9534189668204041,4.211742616661939
1789,-0.650535347141033,0,5.0,5.0
1790,0.4024563387629437,0,5.0,5.0
1791,0.8774710760510654,1,2.1151016812901893,3.332588500134873
1792,1.1201130188875748,0,5.0,5.0
1793,-0.03277041280549796,0,5.0,5.0
1794,-3.9095437298718094,1,4.899242962757225,0.10518004158717034
1795,-1.0182043567724781,1,3.913805757608992,1.3498031572768276
1796,0.5869317755249849,1,0.9152530549604866,4.230646512937586
1797,0.46052325582245196,0,5.0,5.0
1798,1.7114718259432595,1,0.3668496501697478,4.665166564956773
1799,-0.46491091600518464,0,5.0,5.0
1800,-2.079467308214274,1,4.56120153937626,0.5038570903284306
1801,-0.5158223437799649,1,4.763146324601153,0.29381008677870696
1802,-1.0449799964710043,1,4.079546262765691,1.133610994650164
1803,-1.1668005422236656,1,2.779118799080291,2.681725983809239
1804,0.4742709104780021,1,2.790638881517114,2.6638832513281208
1805,-0.8558141848515683,1,1.4944419209071735,3.8118658971766726
1806,0.9753049309690062,0,5.0,5.0
1807,0.18516883620090882,0,5.0,5.0
1808,1.134508702201732,0,5.0,5.0
1809,-1.1761978021924624,1,3.6141681369024714,1.678094706857942
1810,0.0575685245271561,0,5.0,5.0
1811,-0.8700061352116605,0,5.0,5.0
1812,-0.16317365020760066,0,5.0,5.0
1813,1.5063026884859798,0,5.0,5.0
1814,-0.7011854591354615,1,3.4967702160550296,1.856621569366308
1815,1.2171449331724464,0,5.0,5.0
1816,-0.2481977128398456,0,5.0,5.0
1817,0.29546287423400025,0,5.0,5.0
1818,0.9670231001562177,1,0.7025580662182086,4.422446433353649
1819,0.7827696287105097,0,5.0,5.0
1820,-1.2161009244931846,0,5.0,5.0
1821,1.4404021143777772,1,0.9989732628576689,4.179039707413959
1822,0.8854742873451656,0,5.0,5.0
1823,0.7185109220153619,1,0.4504670132796895,4.619786540980897
1824,-0.21113500496203835,1,1.4126527069427675,3.857594262173026
1825,1.0518599778641875,1,3.279277090341001,2.144014278900329
1826,0.20951891030281938,0,5.0,5.0
1827,0.1154359367382427,0,5.0,5.0
1828,-0.7310802286759364,1,4.663592767935851,0.3839860974317143
1829,0.4645993492451192,0,5.0,5.0
1830,-1.2229470180722513,0,5.0,5.0
1831,0.5999674701991118,1,0.7616959238501991,4.3746380079090486
1832,0.506312810909669,0,5.0,5.0
1833,1.9980778013820149,0,5.0,5.0
1834,-1.0567847152504932,1,3.697713750099379,1.6308233182680094
1835,0.7402808587956409,0,5.0,5.0
1836,2.3251428115532553,0,5.0,5.0
1837,1.0492027297243858,1,1.7608226766060955,3.55772336062847
1838,-0.45719697671752724,1,1.0626693406610572,4.151251832065269
1839,-0.6494697948779786,0,5.0,5.0
1840,-1.197288170056746,0,5.0,5.0
1841,1.3989420317129735,1,0.35700309438848654,4.689126853578715
1842,1.0733120355308143,0,5.0,5.0
1843,-0.9872445610735368,0,5.0,5.0
1844,0.21078643207520345,0,5.0,5.0
1845,-1.0870742009552103,0,5.0,5.0
1846,-0.23942974728467656,1,3.823508603940048,1.4734209485389473
1847,-0.06571437628726212,0,5.0,5.0
1848,-0.26336202056583635,1,4.257209668802107,0.8773536127023218
1849,-0.08407905568925385,1,1.958713409750429,3.4462662519917466
1850,-0.3867619507270243,0,5.0,5.0
1851,0.21940473973559546,0,5.0,5.0
1852,-1.12670483222913,0,5.0,5.0
1853,-1.0012169833400888,1,4.836899123735754,0.18687428497759592
1854,1.636701774180086,1,0.4854720285975216,4.585579421503198
1855,0.9177291263500477,1,0.9824651386461137,4.1925579057647715
1856,1.1568956976117146,0,5.0,5.0
1857,-0.6488748341546735,0,5.0,5.0
1858,0.9323914563744096,0,5.0,5.0
1859,-1.9263619196196533,0,5.0,5.0
1860,0.6534764868410121,0,5.0,5.0
1861,-0.3107573890566144,1,2.62054191177605,2.827334230961645
1862,-1.4739857318323883,0,5.0,5.0
1863,0.1466337356455665,1,4.116492570019403,1.1074931542330126
1864,-0.6176568412834593,0,5.0,5.0
1865,-0.9967580422363749,0,5.0,5.0
1866,0.02644958749573506,0,5.0,5.0
1867,-0.09925901082958018,0,5.0,5.0
1868,1.0020749113632206,0,5.0,5.0
1869,-0.2497693615960085,0,5.0,5.0
1870,-1.280888107422379,1,4.089521287913468,1.1234465777594724
1871,-0.0387851145183957,1,1.7478173467080835,3.5615314080736895
1872,0.07664153342084537,1,1.1411929074436424,4.078352840044445
1873,0.40704776962442424,0,5.0,5.0
1874,0.6412734540542435,0,5.0,5.0
1875,0.33424090813104984,1,1.5278404186431422,3.7728370529572905
1876,0.870559116815564,0,5.0,5.0
1877,0.41282153729120447,1,1.3847927167343688,3.8802396744021617
1878,-0.21740459289394165,1,3.8192950547709903,1.4883420034428878
1879,-0.5665820233772154,0,5.0,5.0
1880,1.0722741944821796,0,5.0,5.0
1881,-0.5256374064567888,1,3.42807760609217,1.9807237414340206
1882,-1.3965643612783951,1,3.555468464240773,1.766469248277157
1883,-1.054251683127556,1,3.18374649494901,2.2998728051856556
1884,-0.04875538303772344,1,2.7374485980313805,2.738747203277042
1885,0.6547744000936206,0,5.0,5.0
1886,-0.30134642125050054,0,5.0,5.0
1887,0.468932749953222,0,5.0,5.0
1888,-0.0937302144645878,0,5.0,5.0
1889,0.4212202995112006,1,4.426645606475499,0.6972616961463137
1890,1.9927722605199576,0,5.0,5.0
1891,-0.33943453608884583,1,4.515514931161197,0.5936984091687638
1892,-0.38079933806143257,0,5.0,5.0
1893,0.46275742355622074,1,2.3914263512807876,3.1160974877102476
1894,-0.8051826898630714,0,5.0,5.0
1895,-1.2470384778336212,1,2.86212061126321,2.6007005665430354
1896,1.675183887536465,0,5.0,5.0
1897,-1.0942365704655628,1,3.9486656366750403,1.3219727357481326
1898,-0.029876223414784533,1,4.3746380079090486,0.7616959238501991
1899,-0.8563798755134795,0,5.0,5.0
1900,-0.5468806728132474,0,5.0,5.0
1901,1.1093382017192426,0,5.0,5.0
1902,0.48139602864080494,1,2.9042024960883817,2.567448677741935
1903,-2.8940063918518906,0,5.0,5.0
1904,-0.0852083840092455,1,3.1767145906948233,2.306180600317594
1905,1.2420303409903468,0,5.0,5.0
1906,0.5131797833297681,0,5.0,5.0
1907,-0.28583226339130186,1,1.6308233182680094,3.697713750099379
1908,-0.24154179664062841,1,0.9387817519258447,4.223337565401471
1909,0.0838153792298911,0,5.0,5.0
1910,0.5166126203042897,1,1.2743220286141566,3.9929070383141814
1911,0.3830540232177989,1,2.1229968676486846,3.308748028147281
1912,1.3182138595268982,0,5.0,5.0
1913,-0.15622128797716534,1,0.6480037098615906,4.456667678184109
1914,0.4143174434729509,1,0.5294837261235217,4.535730865335054
1915,-0.6424047150003174,1,4.2805656172991,0.8579790645828462
1916,0.2534919000472816,1,3.63416035898264,1.6717711381788043
1917,0.5631986576858575,1,2.1897815208282703,3.2427547672218964
1918,-0.38224651481558747,0,5.0,5.0
1919,-0.08587388193124829,0,5.0,5.0
1920,-1.5647998776503063,1,3.1360613679255036,2.364127737227265
1921,-0.02866899213476996,1,3.23759834524951,2.2064531447947044
1922,-0.4213027258928836,1,2.980171761474343,2.469767139538432
1923,0.13001025281281936,0,5.0,5.0
1924,1.1294831052002867,1,1.6372708492500359,3.6861489851172182
1925,2.053967439559717,0,5.0,5.0
1926,0.5082592884592564,1,1.644444245276269,3.6779093435617165
1927,-0.13266275839078037,0,5.0,5.0
1928,0.8463484764077407,0,5.0,5.0
1929,0.014305454571015237,1,3.488316786629349,1.9134798506985724
1930,0.5751121512050281,1,3.1710877056385236,2.3364874131284386
1931,-0.29000455167908384,1,4.3932396936188916,0.7556293268987125
1932,-0.0736183940261937,0,5.0,5.0
1933,0.611318143099321,0,5.0,5.0
1934,1.2326267241696782,1,0.5010726589889123,4.5724820104846335
1935,-0.07398592449761442,0,5.0,5.0
1936,0.27425780818314843,1,0.6354471547343823,4.478743441422147
1937,0.6179998148572605,0,5.0,5.0
1938,-0.0048203225678015655,1,3.198650419249746,2.2807639445904195
1939,0.11604274970557485,0,5.0,5.0
1940,0.06194387445858814,0,5.0,5.0
1941,0.176369934110216,1,2.0451726344250694,3.3962706920871315
1942,1.473856103511582,1,0.3465182759791729,4.694906507722934
1943,-1.1402985448790304,1,4.573458181877289,0.49685080470110476
1944,-0.30223982530820714,0,5.0,5.0
1945,-2.288025961379068,1,3.626948399654316,1.6757448942403255
1946,0.3909531276483465,1,3.7379012610232945,1.5714191770169073
1947,1.2463099660638504,0,5.0,5.0
1948,-1.423724712534313,1,4.868387012546648,0.15541559854373085
1949,-1.3912636859553686,0,5.0,5.0
1950,-0.9358504639391324,0,5.0,5.0
1951,-0.09387806530698724,0,5.0,5.0
1952,0.20187881710248232,1,1.1777025912398622,4.056725208075787
1953,1.6024827310577843,0,5.0,5.0
1954,0.5288607658694761,1,1.1929549000298059,4.05177867123912
1955,0.32973492562847184,1,4.1678967370234545,1.0026041871408933
1956,0.8856655186201555,1,0.3352045079640231,4.702828438906704
1957,0.2221187374328571,0,5.0,5.0
1958,0.0323024313173097,1,2.3852189469040224,3.1190026526601278
1959,1.4518113189990869,1,1.150302412743873,4.075161373440716
1960,-0.6390609701730084,1,2.5369754644971847,2.9294499660257314
1961,-0.66303736031793,0,5.0,5.0
1962,-1.4903361103267816,1,4.887310527270715,0.12050617919790377
1963,0.5449600312726018,0,5.0,5.0
1964,0.2685738870270939,1,2.387591405915767,3.1168739688308853
1965,-0.3550490899266857,0,5.0,5.0
1966,0.24988440337448703,0,5.0,5.0
1967,0.24386924274283878,0,5.0,5.0
1968,1.1124081792681175,1,2.35682053325122,3.161309132618853
1969,-0.10939489753288957,0,5.0,5.0
1970,0.11621890536731634,0,5.0,5.0
1971,0.8848163494174425,1,2.9183640154455888,2.5558792860930915
1972,-0.3332782697509736,1,4.008629341583546,1.259152400366967
1973,1.2831235005763162,1,1.544414593053945,3.758016873518048
1974,1.1208876031250634,1,1.3043436773244226,3.975752831793
1975,-0.5617092472126934,1,1.3197530214120794,3.954737214826345
1976,-1.1287086469774623,0,5.0,5.0
1977,0.9259851043236551,1,2.3364874131284386,3.1710877056385236
1978,0.13909015544159162,0,5.0,5.0
1979,0.6846441999083163,1,0.32442285755946315,4.706628438540441
1980,-0.5472461796938723,1,3.6908246921290524,1.6351442564381542
1981,-2.0713584100512317,0,5.0,5.0
1982,0.759551230989915,1,3.935784843775919,1.3253586697402877
1983,0.2394207496116672,0,5.0,5.0
1984,-0.4438621807200714,1,3.69375336288637,1.6313193175065615
1985,1.8551972902504086,1,0.28465180358303144,4.766872132934173
1986,-0.3294401536061569,1,1.200117642858559,4.050432422984005
1987,-0.3114687479654443,0,5.0,5.0
1988,-0.30459580956736654,0,5.0,5.0
1989,-0.4282536294263498,1,3.795892573995922,1.4972326507354694
1990,-0.15957792399634976,1,3.6779093435617165,1.644444245276269
1991,1.0121319618349738,1,1.4004010743990667,3.8782950590529137
1992,-0.1887348505028413,1,1.6351442564381542,3.6908246921290524
1993,0.6032811483131044,0,5.0,5.0
1994,0.17000660909659351,0,5.0,5.0
1995,1.3490212688071914,1,0.7727243882013991,4.350953040014404
1996,-0.9392951299394727,1,2.5558792860930915,2.9183640154455888
1997,-0.8561166548317762,1,4.709235195714097,0.3205410948701515
1998,-0.44824757816086347,0,5.0,5.0
1999,-0.4152643078580269,1,1.9143908992445444,3.4858603261625087
2000,-0.1541912458023358,1,2.0895896894542276,3.3555893624721693
