N,gamma,rho,B,Bok,fail,nDev,beta_ref,absBias,RMSE,mSE,Cov
200,0.00,0.4,500,500,0.000,98,-0.002,0.000,0.104,0.103,0.952
200,0.25,0.4,500,500,0.000,96,0.091,0.002,0.106,0.104,0.946
200,0.50,0.4,500,500,0.000,96,0.176,0.008,0.107,0.105,0.956
200,1.00,0.4,500,500,0.000,96,0.305,0.004,0.109,0.105,0.938
200,0.00,0.7,500,500,0.000,98,0.003,0.004,0.102,0.104,0.952
200,0.25,0.7,500,500,0.000,96,0.160,0.009,0.110,0.105,0.946
200,0.50,0.7,500,500,0.000,95,0.328,0.000,0.117,0.107,0.926
200,1.00,0.7,500,500,0.000,96,0.582,0.005,0.117,0.111,0.934
200,0.00,1.0,500,500,0.000,97,0.000,0.003,0.107,0.106,0.946
200,0.25,1.0,500,500,0.000,96,0.253,0.002,0.112,0.108,0.944
200,0.50,1.0,500,500,0.000,96,0.503,0.007,0.117,0.112,0.938
200,1.00,1.0,500,500,0.000,97,1.005,0.003,0.138,0.125,0.924
800,0.00,0.4,500,500,0.000,392,-0.002,0.001,0.048,0.051,0.966
800,0.25,0.4,500,500,0.000,386,0.091,0.003,0.053,0.051,0.942
800,0.50,0.4,500,500,0.000,384,0.176,0.002,0.052,0.052,0.936
800,1.00,0.4,500,500,0.000,385,0.305,0.004,0.052,0.052,0.956
800,0.00,0.7,500,500,0.000,391,0.003,0.003,0.051,0.052,0.946
800,0.25,0.7,500,500,0.000,386,0.160,0.003,0.051,0.052,0.966
800,0.50,0.7,500,500,0.000,384,0.328,0.001,0.054,0.053,0.948
800,1.00,0.7,500,500,0.000,386,0.582,0.002,0.058,0.055,0.940
800,0.00,1.0,500,500,0.000,390,0.000,0.002,0.053,0.053,0.956
800,0.25,1.0,500,500,0.000,385,0.253,0.001,0.050,0.054,0.968
800,0.50,1.0,500,500,0.000,385,0.503,0.004,0.058,0.055,0.934
800,1.00,1.0,500,500,0.000,384,1.005,0.006,0.068,0.062,0.930
2000,0.00,0.4,500,500,0.000,978,-0.002,0.002,0.032,0.032,0.954
2000,0.25,0.4,500,500,0.000,966,0.091,0.002,0.033,0.032,0.944
2000,0.50,0.4,500,500,0.000,958,0.176,0.001,0.032,0.033,0.950
2000,1.00,0.4,500,500,0.000,965,0.305,0.002,0.034,0.033,0.940
2000,0.00,0.7,500,500,0.000,977,0.003,0.003,0.032,0.033,0.956
2000,0.25,0.7,500,500,0.000,965,0.160,0.007,0.033,0.033,0.958
2000,0.50,0.7,500,500,0.000,960,0.328,0.002,0.034,0.033,0.950
2000,1.00,0.7,500,500,0.000,961,0.582,0.002,0.036,0.034,0.948
2000,0.00,1.0,500,500,0.000,979,0.000,0.001,0.032,0.033,0.962
2000,0.25,1.0,500,500,0.000,966,0.253,0.001,0.035,0.034,0.930
2000,0.50,1.0,500,500,0.000,961,0.503,0.005,0.035,0.035,0.946
2000,1.00,1.0,500,500,0.000,963,1.005,0.004,0.043,0.039,0.928
